index,f0,f1,f2,f3,f4,f5,f6,f7,f8,f9,f10,f11,f12,f13,f14,f15,f16,f17,f18,f19,f20,f21,f22,f23,f24,f25,f26,f27,f28,f29,f30,f31,f32,f33,f34,f35,f36,f37,f38,f39,f40,f41,f42,f43,f44,f45,f46,f47,f48,f49,f50,f51,f52,f53,f54,f55,f56,f57,f58,f59,f60,f61,f62,f63,f64,f65,f66,f67,f68,f69,f70,f71,f72,f73,f74,f75,f76,f77,f78,f79,f80,f81,f82,f83,f84,f85,f86,f87,f88,f89,f90,f91,f92,f93,f94,f95,f96,f97,f98,f99
157,0.0,0.0,0.0,0.0,0.0,0.0,0.0,0.0,0.0,0.0,0.0,0.0,0.0,0.0,0.0,0.0,0.0,0.0,0.0,0.0,0.0,0.0,0.0,0.0,0.0,0.0,0.0,0.0,0.0,0.0,0.42566472,0.0,0.0,0.0,0.39508724,0.0,0.0,0.0,0.0,0.0,0.0,0.0,0.0,0.0,0.0,0.0,0.0,0.0,0.0,0.0,0.0,0.0,0.0,0.0,0.0,0.0,0.0,0.0,0.0,0.0,0.0,0.0,0.0,0.0,0.0,0.0,0.0,0.0,0.005225122,0.0,0.0,0.0,0.0,0.0,0.0,0.0,0.0,0.0,0.0,0.0,0.0,0.0,0.0,0.0,0.0,0.0,0.0,0.0,0.0,0.0,0.0,0.0,0.0,0.0,0.0,0.0,0.0,0.0,0.0,0.0
296,0.0,0.0,0.0,0.0,0.0,0.0,0.0,0.0,0.0,0.0,0.0,0.0,0.0,0.0,0.0,0.0,0.0,0.0,0.0,0.0,0.0,0.0,0.0,0.0,0.0,0.0,0.0,0.0,0.0,0.0,0.0,0.0,0.0,0.0,0.0,0.0,0.0,0.0,0.0,0.0,0.0,0.0,0.0,0.0,0.0,0.0,0.0,0.0,0.0,0.0,0.0,0.0,0.0,0.0,0.0,0.0,0.0,0.0,0.0,0.0,0.0,0.0,0.0,0.0,0.0,0.0,0.0,0.0,0.52369314,0.0,0.0,0.0,0.0,0.0,0.0,0.0,0.0,0.0,0.0,0.0,0.0,0.0,0.0,0.0,0.0,0.0,0.0,0.0,0.0,0.0,0.0,0.0,0.0,0.0,0.0,0.0,0.0,0.0,0.0,0.0
143,0.0,0.0,0.0,0.0,0.0,0.0,0.0,0.0,0.0,0.0,0.0,0.0,0.0,0.0,0.0,0.0,0.0,0.0,0.0,0.0,0.0,0.0,0.0,0.0,0.0,0.0,0.0,0.0,0.0,0.0,0.0,0.0,0.0,0.0,0.032604873,0.0,0.0,0.0,0.0,0.0,0.0,0.0,0.0,0.0,0.0,0.0,0.0,0.0,0.0,0.0,0.0,0.0,0.0,0.0,0.0,0.0,0.0,0.0,0.0,0.0,0.0,0.0,0.0,0.0,0.0,0.0,0.0,0.0,1.0070972,0.0,0.0,0.0,0.0,0.0,0.0,0.0,0.0,0.0,0.0,0.0,0.0,0.0,0.0,0.0,0.0,0.0,0.0,0.0,0.0,0.0,0.0,0.0,0.0,0.0,0.0,0.0,0.0,0.0,0.0,0.0
243,0.0,0.0,0.0,0.0,0.0,0.0,0.0,0.0,0.0,0.0,0.0,0.0,0.0,0.0,0.0,0.0,0.0,0.0,0.0,0.0,0.0,0.0,0.0,0.0,0.0,0.0,0.0,0.0,0.0,0.0,0.0,0.0,0.0,0.0,0.16765136,0.0,0.0,0.0,0.0,0.0,0.0,0.0,0.0,0.0,0.0,0.0,0.0,0.0,0.0,0.0,0.0,0.0,0.0,0.0,0.0,0.0,0.0,0.0,0.0,0.0,0.0,0.0,0.0,0.0,0.0,0.0,0.0,0.0,1.2781906,0.0,0.0,0.0,0.0,0.0,0.0,0.0,0.0,0.0,0.0,0.0,0.0,0.0,0.0,0.0,0.0,0.0,0.0,0.0,0.0,0.0,0.0,0.0,0.0,0.0,0.0,0.0,0.0,0.0,0.0,0.0
276,0.0,0.07248387,0.0,0.0,0.0,0.0,0.0,0.0,0.0,0.07210609,0.0,0.0,0.13405263,0.0,0.0,0.0,0.1580075,0.0,0.12267268,0.43709886,0.0,0.09891343,0.0,0.0,0.0,0.14689654,0.0,0.0,0.0,0.0,0.4730633,0.0,0.096882105,0.0,0.9700244,0.2665388,0.0,0.14654797,0.0,0.0,0.0,0.09380412,0.0,0.0,0.0,0.0,0.0,0.0,0.0,0.14892596,0.0,0.0,0.0,0.0,0.0934301,0.0,0.35798562,0.0,0.0,0.0,0.0,0.0,0.0,0.0,0.0,0.0,0.0,0.0,1.835438,0.21733594,0.30390206,0.0,0.0,0.0,0.0,0.0,0.0,0.0,0.0,0.0,0.37657726,0.0,0.0,0.0,0.0,0.0,0.63165575,0.16221112,0.0,0.0,0.21900254,0.0,0.0,0.0,0.16621032,0.12077686,0.0,0.0,0.72347194,0.15867066
146,0.0,0.0,0.0,0.0,0.0,0.0,0.0,0.0,0.0,0.0,0.0,0.0,0.0,0.0,0.0,0.0,0.0,0.0,0.0,0.0,0.0,0.0,0.0,0.0,0.0,0.0,0.0,0.0,0.0,0.0,0.0,0.0,0.0,0.0,0.38948947,0.0,0.0,0.0,0.0,0.0,0.0,0.0,0.0,0.0,0.0,0.0,0.0,0.0,0.0,0.0,0.0,0.0,0.0,0.0,0.0,0.0,0.0,0.0,0.0,0.0,0.0,0.0,0.0,0.0,0.0,0.0,0.0,0.0,1.3725584,0.0,0.0,0.0,0.0,0.0,0.0,0.0,0.0,0.0,0.0,0.0,0.0,0.0,0.0,0.0,0.0,0.0,0.09359914,0.0,0.0,0.0,0.0,0.0,0.0,0.0,0.0,0.0,0.0,0.0,0.040536225,0.0
305,0.0,0.29479823,0.0,0.0,0.0,0.0,0.0,0.0,0.0,0.35929427,0.0,0.0,0.22897565,0.0,0.0,0.0,0.36429405,0.0,0.2874478,0.48012412,0.0,0.28846836,0.0,0.0,0.0,0.24435389,0.0,0.0,0.0,0.0,1.1228311,0.0,0.2165035,0.0,0.8390427,0.21700686,0.0,0.298647,0.3311389,0.0,0.0,0.3315605,0.0,0.0,0.0,0.0,0.0,0.0,0.0,0.60336477,0.0,0.0,0.0,0.0,0.2689212,0.0,0.45591795,0.0,0.0,0.0,0.0,0.0,0.0,0.0,0.0,0.0,0.0,0.0,1.6200762,0.21944606,0.4965159,0.0,0.0,0.0,0.0,0.0,0.0,0.0,0.0,0.0,0.33624363,0.0,0.0,0.0,0.0,0.0,0.8427296,0.21980959,0.0,0.0,0.50666267,0.0,0.0,0.0,0.18446293,0.1917474,0.0,0.0,0.49286503,0.3348279
139,0.0,0.5100297,0.0,0.0,0.0,0.0,0.0,0.0,0.0,0.5543047,0.0,0.0,0.4688989,0.0,0.0,0.0,0.6894742,0.0,0.47706378,0.6493782,0.0,0.6870079,0.0,0.0,0.0,0.35968232,0.0,0.0,0.0,0.0,1.7241681,0.0,0.39128947,0.0,1.4406893,0.40665406,0.0,0.6235756,0.74030024,0.0,0.0,0.7132975,0.0,0.0,0.0,0.0,0.0,0.0,0.0,0.82539135,0.0,0.0,0.0,0.0,0.5644701,0.0,0.60235906,0.0,0.0,0.0,0.0,0.0,0.0,0.0,0.0,0.0,0.0,0.0,1.3231807,0.5734596,0.5064032,0.0,0.0,0.0,0.0,0.0,0.0,0.0,0.0,0.0,0.39678013,0.0,0.0,0.0,0.0,0.0,1.0280325,0.66057545,0.0,0.0,0.6382498,0.0,0.0,0.0,0.42215648,0.4480953,0.0,0.0,0.8341294,0.6524253
73,0.0,0.0,0.0,0.0,0.0,0.0,0.0,0.0,0.0,0.0,0.0,0.0,0.0,0.0,0.0,0.0,0.0,0.0,0.0,0.0,0.0,0.0,0.0,0.0,0.0,0.0,0.0,0.0,0.0,0.0,0.0,0.0,0.0,0.0,0.35110074,0.0,0.0,0.0,0.0,0.0,0.0,0.0,0.0,0.0,0.0,0.0,0.0,0.0,0.0,0.0,0.0,0.0,0.0,0.0,0.0,0.0,0.0,0.0,0.0,0.0,0.0,0.0,0.0,0.0,0.0,0.0,0.0,0.0,0.27719933,0.0,0.0,0.0,0.0,0.0,0.0,0.0,0.0,0.0,0.0,0.0,0.0,0.0,0.0,0.0,0.0,0.0,0.0,0.0,0.0,0.0,0.0,0.0,0.0,0.0,0.0,0.0,0.0,0.0,0.0,0.0
46,0.0,0.0,0.0,0.0,0.0,0.0,0.0,0.0,0.0,0.0,0.0,0.0,0.0,0.0,0.0,0.0,0.0,0.0,0.0,0.0,0.0,0.0,0.0,0.0,0.0,0.0,0.0,0.0,0.0,0.0,0.15011674,0.0,0.0,0.0,0.4138922,0.0,0.0,0.0,0.0,0.0,0.0,0.0,0.0,0.0,0.0,0.0,0.0,0.0,0.0,0.0,0.0,0.0,0.0,0.0,0.0,0.0,0.0,0.0,0.0,0.0,0.0,0.0,0.0,0.0,0.0,0.0,0.0,0.0,0.53994364,0.0,0.0,0.0,0.0,0.0,0.0,0.0,0.0,0.0,0.0,0.0,0.0,0.0,0.0,0.0,0.0,0.0,0.0,0.0,0.0,0.0,0.0,0.0,0.0,0.0,0.0,0.0,0.0,0.0,0.0,0.0
10,0.0,0.05866584,0.0,0.0,0.0,0.0,0.0,0.0,0.0,0.10408816,0.0,0.0,0.08579254,0.0,0.0,0.0,0.16059518,0.0,0.07369959,0.2831838,0.0,0.15811574,0.0,0.0,0.0,0.08923769,0.0,0.0,0.0,0.0,0.94423,0.0,0.051996946,0.0,0.9860124,0.09834188,0.0,0.13432115,0.13973242,0.0,0.0,0.16244721,0.0,0.0,0.0,0.0,0.0,0.0,0.0,0.27498263,0.0,0.0,0.0,0.0,0.09480256,0.0,0.2394538,0.0,0.0,0.0,0.0,0.0,0.0,0.0,0.0,0.0,0.0,0.0,1.3647037,0.16560137,0.22255042,0.0,0.0,0.0,0.0,0.0,0.0,0.0,0.0,0.0,0.19269133,0.0,0.0,0.0,0.0,0.0,0.6172456,0.20086235,0.0,0.0,0.20056492,0.0,0.0,0.0,0.0883545,0.084341735,0.0,0.0,0.50158805,0.14025426
215,0.0,0.0,0.0,0.0,0.0,0.0,0.0,0.0,0.0,0.0,0.0,0.0,0.0,0.0,0.0,0.0,0.0,0.0,0.0,0.0,0.0,0.0,0.0,0.0,0.0,0.0,0.0,0.0,0.0,0.0,0.102466285,0.0,0.0,0.0,0.67633635,0.0,0.0,0.0,0.0,0.0,0.0,0.0,0.0,0.0,0.0,0.0,0.0,0.0,0.0,0.0,0.0,0.0,0.0,0.0,0.0,0.0,0.0,0.0,0.0,0.0,0.0,0.0,0.0,0.0,0.0,0.0,0.0,0.0,0.49787384,0.0,0.0,0.0,0.0,0.0,0.0,0.0,0.0,0.0,0.0,0.0,0.0,0.0,0.0,0.0,0.0,0.0,0.0,0.0,0.0,0.0,0.0,0.0,0.0,0.0,0.0,0.0,0.0,0.0,0.14026302,0.0
38,0.0,0.09489891,0.0,0.0,0.0,0.0,0.0,0.0,0.0,0.20471594,0.0,0.0,0.03801596,0.0,0.0,0.0,0.0,0.0,0.16538191,0.44370103,0.0,0.033584118,0.0,0.0,0.0,0.13598013,0.0,0.0,0.0,0.0,1.2564058,0.0,0.071942806,0.0,0.51303655,0.11450702,0.0,0.052792013,0.14665037,0.0,0.0,0.0,0.0,0.0,0.0,0.0,0.0,0.0,0.0,0.50521535,0.0,0.0,0.0,0.0,0.094549954,0.0,0.34697533,0.0,0.0,0.0,0.0,0.0,0.0,0.0,0.0,0.0,0.0,0.0,1.8082955,0.0,0.3995138,0.0,0.0,0.0,0.0,0.0,0.0,0.0,0.0,0.0,0.28122175,0.0,0.0,0.0,0.0,0.0,0.95884246,0.03326291,0.0,0.0,0.36360592,0.0,0.0,0.0,0.02620712,0.008096427,0.0,0.0,0.042217433,0.17478132
177,0.0,0.0,0.0,0.0,0.0,0.0,0.0,0.0,0.0,0.0,0.0,0.0,0.0,0.0,0.0,0.0,0.0,0.0,0.0,0.17862928,0.0,0.0,0.0,0.0,0.0,0.0,0.0,0.0,0.0,0.0,0.311612,0.0,0.0,0.0,0.890387,0.025077283,0.0,0.0,0.0,0.0,0.0,0.0,0.0,0.0,0.0,0.0,0.0,0.0,0.0,0.0,0.0,0.0,0.0,0.0,0.0,0.0,0.09719849,0.0,0.0,0.0,0.0,0.0,0.0,0.0,0.0,0.0,0.0,0.0,1.6382666,0.0059849024,0.087350875,0.0,0.0,0.0,0.0,0.0,0.0,0.0,0.0,0.0,0.21634495,0.0,0.0,0.0,0.0,0.0,0.3950463,0.0,0.0,0.0,0.0,0.0,0.0,0.0,0.0,0.0,0.0,0.0,0.5424263,0.0
294,0.0,0.0,0.0,0.0,0.0,0.0,0.0,0.0,0.0,0.0,0.0,0.0,0.0,0.0,0.0,0.0,0.0,0.0,0.0,0.0,0.0,0.0,0.0,0.0,0.0,0.0,0.0,0.0,0.0,0.0,0.0,0.0,0.0,0.0,0.0,0.0,0.0,0.0,0.0,0.0,0.0,0.0,0.0,0.0,0.0,0.0,0.0,0.0,0.0,0.0,0.0,0.0,0.0,0.0,0.0,0.0,0.0,0.0,0.0,0.0,0.0,0.0,0.0,0.0,0.0,0.0,0.0,0.0,0.2800526,0.0,0.0,0.0,0.0,0.0,0.0,0.0,0.0,0.0,0.0,0.0,0.0,0.0,0.0,0.0,0.0,0.0,0.0,0.0,0.0,0.0,0.0,0.0,0.0,0.0,0.0,0.0,0.0,0.0,0.0,0.0
306,0.0,0.43544826,0.0,0.0,0.0,0.0,0.0,0.0,0.0,0.49563774,0.0,0.0,0.35176992,0.0,0.0,0.0,0.52215195,0.0,0.41537082,0.6298255,0.0,0.4364996,0.0,0.0,0.0,0.34859014,0.0,0.0,0.0,0.0,1.2481546,0.0,0.32892752,0.0,0.9580043,0.34295768,0.0,0.44595248,0.47618562,0.0,0.0,0.4846748,0.0,0.0,0.0,0.0,0.0,0.0,0.0,0.7539118,0.0,0.0,0.0,0.0,0.41046244,0.0,0.5965098,0.0,0.0,0.0,0.0,0.0,0.0,0.0,0.0,0.0,0.0,0.0,1.7418964,0.34322095,0.6155633,0.0,0.0,0.0,0.0,0.0,0.0,0.0,0.0,0.0,0.45085716,0.0,0.0,0.0,0.0,0.0,0.97457176,0.33707505,0.0,0.0,0.65230566,0.0,0.0,0.0,0.2933233,0.3071333,0.0,0.0,0.63916224,0.4919753
293,0.0,0.35476002,0.0,0.0,0.0,0.0,0.0,0.0,0.0,0.41197774,0.0,0.0,0.35583758,0.0,0.0,0.0,0.5180595,0.0,0.31077647,0.633199,0.0,0.5571368,0.0,0.0,0.0,0.35668993,0.0,0.0,0.0,0.0,1.2896268,0.0,0.2941079,0.0,1.3850696,0.37352055,0.0,0.47745067,0.48283714,0.0,0.0,0.5545938,0.0,0.0,0.0,0.0,0.0,0.0,0.0,0.6214716,0.0,0.0,0.0,0.0,0.43101865,0.0,0.55192924,0.0,0.0,0.0,0.0,0.0,0.0,0.0,0.0,0.0,0.0,0.0,1.6607013,0.45876455,0.4836029,0.0,0.0,0.0,0.0,0.0,0.0,0.0,0.0,0.0,0.49270236,0.0,0.0,0.0,0.0,0.0,0.9197269,0.5025975,0.0,0.0,0.50736743,0.0,0.0,0.0,0.31371847,0.35909757,0.0,0.0,0.90902466,0.5029297
225,0.0,0.0,0.0,0.0,0.0,0.0,0.0,0.0,0.0,0.0,0.0,0.0,0.0,0.0,0.0,0.0,0.0,0.0,0.0,0.0,0.0,0.0,0.0,0.0,0.0,0.0,0.0,0.0,0.0,0.0,0.23396504,0.0,0.0,0.0,0.0,0.0,0.0,0.0,0.0,0.0,0.0,0.0,0.0,0.0,0.0,0.0,0.0,0.0,0.0,0.0,0.0,0.0,0.0,0.0,0.0,0.0,0.0,0.0,0.0,0.0,0.0,0.0,0.0,0.0,0.0,0.0,0.0,0.0,0.0,0.0,0.0,0.0,0.0,0.0,0.0,0.0,0.0,0.0,0.0,0.0,0.0,0.0,0.0,0.0,0.0,0.0,0.0,0.0,0.0,0.0,0.0,0.0,0.0,0.0,0.0,0.0,0.0,0.0,0.0,0.0
16,0.0,0.0,0.0,0.0,0.0,0.0,0.0,0.0,0.0,0.0,0.0,0.0,0.0,0.0,0.0,0.0,0.0,0.0,0.0,0.0,0.0,0.0,0.0,0.0,0.0,0.0,0.0,0.0,0.0,0.0,0.0,0.0,0.0,0.0,0.38981467,0.0,0.0,0.0,0.0,0.0,0.0,0.0,0.0,0.0,0.0,0.0,0.0,0.0,0.0,0.0,0.0,0.0,0.0,0.0,0.0,0.0,0.0,0.0,0.0,0.0,0.0,0.0,0.0,0.0,0.0,0.0,0.0,0.0,0.031300902,0.0,0.0,0.0,0.0,0.0,0.0,0.0,0.0,0.0,0.0,0.0,0.0,0.0,0.0,0.0,0.0,0.0,0.0,0.0,0.0,0.0,0.0,0.0,0.0,0.0,0.0,0.0,0.0,0.0,0.0,0.0
58,0.0,0.0,0.0,0.0,0.0,0.0,0.0,0.0,0.0,0.0,0.0,0.0,0.0,0.0,0.0,0.0,0.0,0.0,0.0,0.0,0.0,0.0,0.0,0.0,0.0,0.0,0.0,0.0,0.0,0.0,0.0,0.0,0.0,0.0,0.0,0.0,0.0,0.0,0.0,0.0,0.0,0.0,0.0,0.0,0.0,0.0,0.0,0.0,0.0,0.0,0.0,0.0,0.0,0.0,0.0,0.0,0.0,0.0,0.0,0.0,0.0,0.0,0.0,0.0,0.0,0.0,0.0,0.0,0.49364382,0.0,0.0,0.0,0.0,0.0,0.0,0.0,0.0,0.0,0.0,0.0,0.0,0.0,0.0,0.0,0.0,0.0,0.0,0.0,0.0,0.0,0.0,0.0,0.0,0.0,0.0,0.0,0.0,0.0,0.0,0.0
47,0.0,0.0,0.0,0.0,0.0,0.0,0.0,0.0,0.0,0.0,0.0,0.0,0.0,0.0,0.0,0.0,0.0,0.0,0.0,0.0,0.0,0.0,0.0,0.0,0.0,0.0,0.0,0.0,0.0,0.0,0.2754405,0.0,0.0,0.0,0.5328538,0.0,0.0,0.0,0.0,0.0,0.0,0.0,0.0,0.0,0.0,0.0,0.0,0.0,0.0,0.0,0.0,0.0,0.0,0.0,0.0,0.0,0.0,0.0,0.0,0.0,0.0,0.0,0.0,0.0,0.0,0.0,0.0,0.0,0.66176397,0.0,0.0,0.0,0.0,0.0,0.0,0.0,0.0,0.0,0.0,0.0,0.0,0.0,0.0,0.0,0.0,0.0,0.0,0.0,0.0,0.0,0.0,0.0,0.0,0.0,0.0,0.0,0.0,0.0,0.0,0.0
217,0.0,0.0,0.0,0.0,0.0,0.0,0.0,0.0,0.0,0.0,0.0,0.0,0.0,0.0,0.0,0.0,0.0,0.0,0.0,0.0,0.0,0.0,0.0,0.0,0.0,0.0,0.0,0.0,0.0,0.0,0.3531137,0.0,0.0,0.0,0.9142594,0.0,0.0,0.0,0.0,0.0,0.0,0.0,0.0,0.0,0.0,0.0,0.0,0.0,0.0,0.0,0.0,0.0,0.0,0.0,0.0,0.0,0.0,0.0,0.0,0.0,0.0,0.0,0.0,0.0,0.0,0.0,0.0,0.0,0.7415145,0.026645362,0.0,0.0,0.0,0.0,0.0,0.0,0.0,0.0,0.0,0.0,0.0,0.0,0.0,0.0,0.0,0.0,0.02867049,0.015505433,0.0,0.0,0.0,0.0,0.0,0.0,0.0,0.0,0.0,0.0,0.4328578,0.0
132,0.0,0.0,0.0,0.0,0.0,0.0,0.0,0.0,0.0,0.0,0.0,0.0,0.0,0.0,0.0,0.0,0.0,0.0,0.0,0.0,0.0,0.0,0.0,0.0,0.0,0.0,0.0,0.0,0.0,0.0,0.84690243,0.0,0.0,0.0,0.60795885,0.0,0.0,0.0,0.0,0.0,0.0,0.0,0.0,0.0,0.0,0.0,0.0,0.0,0.0,0.0,0.0,0.0,0.0,0.0,0.0,0.0,0.0,0.0,0.0,0.0,0.0,0.0,0.0,0.0,0.0,0.0,0.0,0.0,0.47043854,0.0,0.0,0.0,0.0,0.0,0.0,0.0,0.0,0.0,0.0,0.0,0.0,0.0,0.0,0.0,0.0,0.0,0.105139196,0.0,0.0,0.0,0.0,0.0,0.0,0.0,0.0,0.0,0.0,0.0,0.0,0.0
279,0.0,0.49443373,0.0,0.0,0.0,0.0,0.0,0.0,0.0,0.48113653,0.0,0.0,0.50243545,0.0,0.0,0.0,0.6315814,0.0,0.50644195,0.8862027,0.0,0.5430064,0.0,0.0,0.0,0.45960546,0.0,0.0,0.0,0.0,0.84903413,0.0,0.43415403,0.0,1.3269088,0.64439136,0.0,0.5884637,0.4262311,0.0,0.0,0.55314684,0.0,0.0,0.0,0.0,0.0,0.0,0.0,0.60056704,0.0,0.0,0.0,0.0,0.5180536,0.0,0.77976096,0.0,0.0,0.0,0.0,0.0,0.0,0.0,0.0,0.0,0.0,0.0,2.200899,0.5886601,0.66104424,0.0,0.0,0.0,0.0,0.0,0.0,0.0,0.0,0.0,0.7204176,0.0,0.0,0.0,0.0,0.0,1.0271814,0.5140075,0.0,0.0,0.6559308,0.0,0.0,0.0,0.49279156,0.46693417,0.0,0.0,1.162364,0.63011265
233,0.0,0.0,0.0,0.0,0.0,0.0,0.0,0.0,0.0,0.0,0.0,0.0,0.0,0.0,0.0,0.0,0.0016702414,0.0,0.0,0.015434861,0.0,0.05328667,0.0,0.0,0.0,0.0,0.0,0.0,0.0,0.0,1.2365544,0.0,0.0,0.0,0.8619668,0.0,0.0,0.0,0.1206488,0.0,0.0,0.05942321,0.0,0.0,0.0,0.0,0.0,0.0,0.0,0.23820895,0.0,0.0,0.0,0.0,0.0,0.0,0.012069464,0.0,0.0,0.0,0.0,0.0,0.0,0.0,0.0,0.0,0.0,0.0,0.863352,0.0,0.04184702,0.0,0.0,0.0,0.0,0.0,0.0,0.0,0.0,0.0,0.0,0.0,0.0,0.0,0.0,0.0,0.49646872,0.11298841,0.0,0.0,0.049439847,0.0,0.0,0.0,0.0,0.0,0.0,0.0,0.14904064,0.0
230,0.0,0.0,0.0,0.0,0.0,0.0,0.0,0.0,0.0,0.0,0.0,0.0,0.0,0.0,0.0,0.0,0.0,0.0,0.0,0.0,0.0,0.0,0.0,0.0,0.0,0.0,0.0,0.0,0.0,0.0,0.8605836,0.0,0.0,0.0,0.5050823,0.0,0.0,0.0,0.0,0.0,0.0,0.0,0.0,0.0,0.0,0.0,0.0,0.0,0.0,0.0,0.0,0.0,0.0,0.0,0.0,0.0,0.0,0.0,0.0,0.0,0.0,0.0,0.0,0.0,0.0,0.0,0.0,0.0,0.49789113,0.0,0.0,0.0,0.0,0.0,0.0,0.0,0.0,0.0,0.0,0.0,0.0,0.0,0.0,0.0,0.0,0.0,0.10094303,0.0,0.0,0.0,0.0,0.0,0.0,0.0,0.0,0.0,0.0,0.0,0.0,0.0
266,0.0,0.0,0.0,0.0,0.0,0.0,0.0,0.0,0.0,0.0,0.0,0.0,0.0,0.0,0.0,0.0,0.0,0.0,0.0,0.0,0.0,0.0,0.0,0.0,0.0,0.0,0.0,0.0,0.0,0.0,0.0,0.0,0.0,0.0,0.0,0.0,0.0,0.0,0.0,0.0,0.0,0.0,0.0,0.0,0.0,0.0,0.0,0.0,0.0,0.0,0.0,0.0,0.0,0.0,0.0,0.0,0.0,0.0,0.0,0.0,0.0,0.0,0.0,0.0,0.0,0.0,0.0,0.0,0.617235,0.0,0.0,0.0,0.0,0.0,0.0,0.0,0.0,0.0,0.0,0.0,0.0,0.0,0.0,0.0,0.0,0.0,0.0,0.0,0.0,0.0,0.0,0.0,0.0,0.0,0.0,0.0,0.0,0.0,0.0,0.0
154,0.0,0.0,0.0,0.0,0.0,0.0,0.0,0.0,0.0,0.0,0.0,0.0,0.0,0.0,0.0,0.0,0.0,0.0,0.0,0.0,0.0,0.0,0.0,0.0,0.0,0.0,0.0,0.0,0.0,0.0,0.049693525,0.0,0.0,0.0,0.038202703,0.0,0.0,0.0,0.0,0.0,0.0,0.0,0.0,0.0,0.0,0.0,0.0,0.0,0.0,0.0,0.0,0.0,0.0,0.0,0.0,0.0,0.0,0.0,0.0,0.0,0.0,0.0,0.0,0.0,0.0,0.0,0.0,0.0,0.0,0.0,0.0,0.0,0.0,0.0,0.0,0.0,0.0,0.0,0.0,0.0,0.0,0.0,0.0,0.0,0.0,0.0,0.0,0.0,0.0,0.0,0.0,0.0,0.0,0.0,0.0,0.0,0.0,0.0,0.0,0.0
226,0.0,0.0,0.0,0.0,0.0,0.0,0.0,0.0,0.0,0.0,0.0,0.0,0.0,0.0,0.0,0.0,0.0,0.0,0.0,0.0,0.0,0.0,0.0,0.0,0.0,0.0,0.0,0.0,0.0,0.0,0.35928875,0.0,0.0,0.0,0.029236138,0.0,0.0,0.0,0.0,0.0,0.0,0.0,0.0,0.0,0.0,0.0,0.0,0.0,0.0,0.0,0.0,0.0,0.0,0.0,0.0,0.0,0.0,0.0,0.0,0.0,0.0,0.0,0.0,0.0,0.0,0.0,0.0,0.0,0.010609806,0.0,0.0,0.0,0.0,0.0,0.0,0.0,0.0,0.0,0.0,0.0,0.0,0.0,0.0,0.0,0.0,0.0,0.0,0.0,0.0,0.0,0.0,0.0,0.0,0.0,0.0,0.0,0.0,0.0,0.0,0.0
101,0.0,0.0,0.0,0.0,0.0,0.0,0.0,0.0,0.0,0.0,0.0,0.0,0.0,0.0,0.0,0.0,0.0,0.0,0.0,0.0,0.0,0.0,0.0,0.0,0.0,0.0,0.0,0.0,0.0,0.0,0.0,0.0,0.0,0.0,0.20162326,0.0,0.0,0.0,0.0,0.0,0.0,0.0,0.0,0.0,0.0,0.0,0.0,0.0,0.0,0.0,0.0,0.0,0.0,0.0,0.0,0.0,0.0,0.0,0.0,0.0,0.0,0.0,0.0,0.0,0.0,0.0,0.0,0.0,0.43664974,0.0,0.0,0.0,0.0,0.0,0.0,0.0,0.0,0.0,0.0,0.0,0.0,0.0,0.0,0.0,0.0,0.0,0.0,0.0,0.0,0.0,0.0,0.0,0.0,0.0,0.0,0.0,0.0,0.0,0.0,0.0
261,0.0,0.0,0.0,0.0,0.0,0.0,0.0,0.0,0.0,0.0142968595,0.0,0.0,0.03002584,0.0,0.0,0.0,0.11038959,0.0,0.015513897,0.08858383,0.0,0.13229227,0.0,0.0,0.0,0.0,0.0,0.0,0.0,0.0,1.2137344,0.0,0.0,0.0,1.0695324,0.0,0.0,0.08905858,0.19507986,0.0,0.0,0.13649035,0.0,0.0,0.0,0.0,0.0,0.0,0.0,0.2015695,0.0,0.0,0.0,0.0,0.037973464,0.0,0.07158911,0.0,0.0,0.0,0.0,0.0,0.0,0.0,0.0,0.0,0.0,0.0,0.811498,0.16315913,0.014652759,0.0,0.0,0.0,0.0,0.0,0.0,0.0,0.0,0.0,0.0,0.0,0.0,0.0,0.0,0.0,0.5113538,0.2711308,0.0,0.0,0.059017718,0.0,0.0,0.0,0.05695334,0.035374373,0.0,0.0,0.34668607,0.0737052
66,0.0,0.17390487,0.0,0.0,0.0,0.0,0.0,0.0,0.0,0.21525952,0.0,0.0,0.14828062,0.0,0.0,0.0,0.25295603,0.0,0.19061649,0.35298622,0.0,0.17116952,0.0,0.0,0.0,0.13936347,0.0,0.0,0.0,0.0,0.9538124,0.0,0.12815785,0.0,0.8289344,0.14678007,0.0,0.19690698,0.20204169,0.0,0.0,0.2095648,0.0,0.0,0.0,0.0,0.0,0.0,0.0,0.41212732,0.0,0.0,0.0,0.0,0.15457779,0.0,0.33616924,0.0,0.0,0.0,0.0,0.0,0.0,0.0,0.0,0.0,0.0,0.0,1.4682064,0.17635214,0.35414162,0.0,0.0,0.0,0.0,0.0,0.0,0.0,0.0,0.0,0.23019874,0.0,0.0,0.0,0.0,0.0,0.69802994,0.17015737,0.0,0.0,0.35024434,0.0,0.0,0.0,0.1343613,0.115825385,0.0,0.0,0.45571333,0.21126604
102,0.0,0.0,0.0,0.0,0.0,0.0,0.0,0.0,0.0,0.0,0.0,0.0,0.0,0.0,0.0,0.0,0.0,0.0,0.0,0.0,0.0,0.0,0.0,0.0,0.0,0.0,0.0,0.0,0.0,0.0,0.10259038,0.0,0.0,0.0,0.3205847,0.0,0.0,0.0,0.0,0.0,0.0,0.0,0.0,0.0,0.0,0.0,0.0,0.0,0.0,0.0,0.0,0.0,0.0,0.0,0.0,0.0,0.0,0.0,0.0,0.0,0.0,0.0,0.0,0.0,0.0,0.0,0.0,0.0,0.5584701,0.0,0.0,0.0,0.0,0.0,0.0,0.0,0.0,0.0,0.0,0.0,0.0,0.0,0.0,0.0,0.0,0.0,0.0,0.0,0.0,0.0,0.0,0.0,0.0,0.0,0.0,0.0,0.0,0.0,0.0,0.0
14,0.0,0.0,0.0,0.0,0.0,0.0,0.0,0.0,0.0,0.0,0.0,0.0,0.0,0.0,0.0,0.0,0.0,0.0,0.0,0.0,0.0,0.0,0.0,0.0,0.0,0.0,0.0,0.0,0.0,0.0,0.0,0.0,0.0,0.0,0.15189165,0.0,0.0,0.0,0.0,0.0,0.0,0.0,0.0,0.0,0.0,0.0,0.0,0.0,0.0,0.0,0.0,0.0,0.0,0.0,0.0,0.0,0.0,0.0,0.0,0.0,0.0,0.0,0.0,0.0,0.0,0.0,0.0,0.0,0.0,0.0,0.0,0.0,0.0,0.0,0.0,0.0,0.0,0.0,0.0,0.0,0.0,0.0,0.0,0.0,0.0,0.0,0.0,0.0,0.0,0.0,0.0,0.0,0.0,0.0,0.0,0.0,0.0,0.0,0.0,0.0
79,0.0,0.0,0.0,0.0,0.0,0.0,0.0,0.0,0.0,0.016699046,0.0,0.0,0.044330478,0.0,0.0,0.0,0.2149663,0.0,0.0,0.06472492,0.0,0.13610613,0.0,0.0,0.0,0.01429975,0.0,0.0,0.0,0.0,0.58393663,0.0,0.0,0.0,1.0648699,0.0,0.0,0.08066243,0.07131392,0.0,0.0,0.1974715,0.0,0.0,0.0,0.0,0.0,0.0,0.0,0.116830766,0.0,0.0,0.0,0.0,0.009447992,0.0,0.075095534,0.0,0.0,0.0,0.0,0.0,0.0,0.0,0.0,0.0,0.0,0.0,1.008121,0.20675945,0.10905197,0.0,0.0,0.0,0.0,0.0,0.0,0.0,0.0,0.0,0.060548782,0.0,0.0,0.0,0.0,0.0,0.27459556,0.17392766,0.0,0.0,0.076370776,0.0,0.0,0.0,0.03813854,0.07154974,0.0,0.0,0.65281874,0.013888359
25,0.0,0.13463816,0.0,0.0,0.0,0.0,0.0,0.0,0.0,0.16906616,0.0,0.0,0.20264447,0.0,0.0,0.0,0.41997147,0.0,0.06688368,0.26400423,0.0,0.41971862,0.0,0.0,0.0,0.17157125,0.0,0.0,0.0,0.0,0.8080259,0.0,0.11728847,0.0,1.4604683,0.1357233,0.0,0.28347546,0.29078645,0.0,0.0,0.45567095,0.0,0.0,0.0,0.0,0.0,0.0,0.0,0.27764457,0.0,0.0,0.0,0.0,0.21489352,0.0,0.22304988,0.0,0.0,0.0,0.0,0.0,0.0,0.0,0.0,0.0,0.0,0.0,1.1276839,0.41597176,0.2056568,0.0,0.0,0.0,0.0,0.0,0.0,0.0,0.0,0.0,0.24673045,0.0,0.0,0.0,0.0,0.0,0.41963488,0.4227382,0.0,0.0,0.1965695,0.0,0.0,0.0,0.17496696,0.26258132,0.0,0.0,0.985387,0.22982693
74,0.0,0.0,0.0,0.0,0.0,0.0,0.0,0.0,0.0,0.0,0.0,0.0,0.0,0.0,0.0,0.0,0.0,0.0,0.0,0.0,0.0,0.0,0.0,0.0,0.0,0.0,0.0,0.0,0.0,0.0,0.0,0.0,0.0,0.0,0.4700622,0.0,0.0,0.0,0.0,0.0,0.0,0.0,0.0,0.0,0.0,0.0,0.0,0.0,0.0,0.0,0.0,0.0,0.0,0.0,0.0,0.0,0.0,0.0,0.0,0.0,0.0,0.0,0.0,0.0,0.0,0.0,0.0,0.0,0.3990196,0.0,0.0,0.0,0.0,0.0,0.0,0.0,0.0,0.0,0.0,0.0,0.0,0.0,0.0,0.0,0.0,0.0,0.0,0.0,0.0,0.0,0.0,0.0,0.0,0.0,0.0,0.0,0.0,0.0,0.0,0.0
77,0.0,0.0,0.0,0.0,0.0,0.0,0.0,0.0,0.0,0.0,0.0,0.0,0.0,0.0,0.0,0.0,0.0,0.0,0.0,0.0,0.0,0.0,0.0,0.0,0.0,0.0,0.0,0.0,0.0,0.0,0.33328933,0.0,0.0,0.0,0.8269468,0.0,0.0,0.0,0.0,0.0,0.0,0.0,0.0,0.0,0.0,0.0,0.0,0.0,0.0,0.0,0.0,0.0,0.0,0.0,0.0,0.0,0.0,0.0,0.0,0.0,0.0,0.0,0.0,0.0,0.0,0.0,0.0,0.0,0.76448065,0.0,0.0,0.0,0.0,0.0,0.0,0.0,0.0,0.0,0.0,0.0,0.0,0.0,0.0,0.0,0.0,0.0,0.010911763,0.0,0.0,0.0,0.0,0.0,0.0,0.0,0.0,0.0,0.0,0.0,0.3602242,0.0
65,0.0,0.03325495,0.0,0.0,0.0,0.0,0.0,0.0,0.0,0.07891604,0.0,0.0,0.02548623,0.0,0.0,0.0,0.0950979,0.0,0.06269336,0.2032851,0.0,0.023138523,0.0,0.0,0.0,0.035127103,0.0,0.0,0.0,0.0,0.82848865,0.0,0.015733838,0.0,0.70997304,0.02082926,0.0,0.049601734,0.056994975,0.0,0.0,0.056450486,0.0,0.0,0.0,0.0,0.0,0.0,0.0,0.2615803,0.0,0.0,0.0,0.0,0.013036668,0.0,0.19557738,0.0,0.0,0.0,0.0,0.0,0.0,0.0,0.0,0.0,0.0,0.0,1.346386,0.052577376,0.2350941,0.0,0.0,0.0,0.0,0.0,0.0,0.0,0.0,0.0,0.11558521,0.0,0.0,0.0,0.0,0.0,0.5661879,0.05289179,0.0,0.0,0.20460159,0.0,0.0,0.0,0.025500804,0.00043961406,0.0,0.0,0.30941588,0.054118633
218,0.0,0.0,0.0,0.0,0.0,0.0,0.0,0.0,0.0,0.0,0.0,0.0,0.0,0.0,0.0,0.0,0.10327709,0.0,0.0,0.0,0.0,0.029695034,0.0,0.0,0.0,0.0,0.0,0.0,0.0,0.0,0.47843724,0.0,0.0,0.0,1.0332208,0.0,0.0,0.0,0.0,0.0,0.0,0.08188355,0.0,0.0,0.0,0.0,0.0,0.0,0.0,0.0,0.0,0.0,0.0,0.0,0.0,0.0,0.0,0.0,0.0,0.0,0.0,0.0,0.0,0.0,0.0,0.0,0.0,0.0,0.8633347,0.15042001,0.0,0.0,0.0,0.0,0.0,0.0,0.0,0.0,0.0,0.0,0.0,0.0,0.0,0.0,0.0,0.0,0.16051239,0.1327709,0.0,0.0,0.0,0.0,0.0,0.0,0.0,0.007163137,0.0,0.0,0.579155,0.0
31,0.0,0.0,0.0,0.0,0.0,0.0,0.0,0.0,0.0,0.0,0.0,0.0,0.0,0.0,0.0,0.0,0.0,0.0,0.0,0.0,0.0,0.0,0.0,0.0,0.0,0.0,0.0,0.0,0.0,0.0,0.37914008,0.0,0.0,0.0,0.0,0.0,0.0,0.0,0.0,0.0,0.0,0.0,0.0,0.0,0.0,0.0,0.0,0.0,0.0,0.0,0.0,0.0,0.0,0.0,0.0,0.0,0.0,0.0,0.0,0.0,0.0,0.0,0.0,0.0,0.0,0.0,0.0,0.0,0.9555531,0.0,0.0,0.0,0.0,0.0,0.0,0.0,0.0,0.0,0.0,0.0,0.0,0.0,0.0,0.0,0.0,0.0,0.035948813,0.0,0.0,0.0,0.0,0.0,0.0,0.0,0.0,0.0,0.0,0.0,0.0,0.0
211,0.0,0.0,0.0,0.0,0.0,0.0,0.0,0.0,0.0,0.0,0.0,0.0,0.0,0.0,0.0,0.0,0.0,0.0,0.0,0.0,0.0,0.0,0.0,0.0,0.0,0.0,0.0,0.0,0.0,0.0,0.0,0.0,0.0,0.0,0.2004903,0.0,0.0,0.0,0.0,0.0,0.0,0.0,0.0,0.0,0.0,0.0,0.0,0.0,0.0,0.0,0.0,0.0,0.0,0.0,0.0,0.0,0.0,0.0,0.0,0.0,0.0,0.0,0.0,0.0,0.0,0.0,0.0,0.0,0.01059258,0.0,0.0,0.0,0.0,0.0,0.0,0.0,0.0,0.0,0.0,0.0,0.0,0.0,0.0,0.0,0.0,0.0,0.0,0.0,0.0,0.0,0.0,0.0,0.0,0.0,0.0,0.0,0.0,0.0,0.0,0.0
80,0.0,0.13409409,0.0,0.0,0.0,0.0,0.0,0.0,0.0,0.15304253,0.0,0.0,0.16712487,0.0,0.0,0.0,0.37282443,0.0,0.09424472,0.21442604,0.0,0.28413713,0.0,0.0,0.0,0.118536115,0.0,0.0,0.0,0.0,0.7092604,0.0,0.102119446,0.0,1.1838312,0.09712535,0.0,0.22796768,0.21636063,0.0,0.0,0.35058582,0.0,0.0,0.0,0.0,0.0,0.0,0.0,0.2673778,0.0,0.0,0.0,0.0,0.15098912,0.0,0.21568727,0.0,0.0,0.0,0.0,0.0,0.0,0.0,0.0,0.0,0.0,0.0,1.1299415,0.33053422,0.2280995,0.0,0.0,0.0,0.0,0.0,0.0,0.0,0.0,0.0,0.17516232,0.0,0.0,0.0,0.0,0.0,0.40643758,0.29119325,0.0,0.0,0.22201353,0.0,0.0,0.0,0.14699903,0.18693551,0.0,0.0,0.7991162,0.17103577
197,0.0,0.0,0.0,0.0,0.0,0.0,0.0,0.0,0.0,0.0,0.0,0.0,0.0,0.0,0.0,0.0,0.0,0.0,0.0,0.0,0.0,0.0,0.0,0.0,0.0,0.0,0.0,0.0,0.0,0.0,0.0,0.0,0.0,0.0,0.03543657,0.0,0.0,0.0,0.0,0.0,0.0,0.0,0.0,0.0,0.0,0.0,0.0,0.0,0.0,0.0,0.0,0.0,0.0,0.0,0.0,0.0,0.0,0.0,0.0,0.0,0.0,0.0,0.0,0.0,0.0,0.0,0.0,0.0,0.23161894,0.0,0.0,0.0,0.0,0.0,0.0,0.0,0.0,0.0,0.0,0.0,0.0,0.0,0.0,0.0,0.0,0.0,0.0,0.0,0.0,0.0,0.0,0.0,0.0,0.0,0.0,0.0,0.0,0.0,0.0,0.0
82,0.0,0.41539416,0.0,0.0,0.0,0.0,0.0,0.0,0.0,0.42572948,0.0,0.0,0.41271353,0.0,0.0,0.0,0.68854046,0.0,0.35009098,0.51382875,0.0,0.58019936,0.0,0.0,0.0,0.32700872,0.0,0.0,0.0,0.0,0.9599077,0.0,0.32696748,0.0,1.4217546,0.3490271,0.0,0.5225784,0.50645405,0.0,0.0,0.65681446,0.0,0.0,0.0,0.0,0.0,0.0,0.0,0.5684721,0.0,0.0,0.0,0.0,0.4340716,0.0,0.496871,0.0,0.0,0.0,0.0,0.0,0.0,0.0,0.0,0.0,0.0,0.0,1.3735821,0.5780839,0.4661943,0.0,0.0,0.0,0.0,0.0,0.0,0.0,0.0,0.0,0.40438926,0.0,0.0,0.0,0.0,0.0,0.6701216,0.52572435,0.0,0.0,0.5132993,0.0,0.0,0.0,0.3647199,0.4177073,0.0,0.0,1.0917108,0.48533058
195,0.0,0.42123136,0.0,0.0,0.0,0.0,0.0,0.0,0.0,0.42544672,0.0,0.0,0.4598441,0.0,0.0,0.0,0.6239823,0.0,0.41014695,0.70788443,0.0,0.6337929,0.0,0.0,0.0,0.36520326,0.0,0.0,0.0,0.0,1.2698534,0.0,0.36321664,0.0,1.5919929,0.5061709,0.0,0.58539337,0.5551097,0.0,0.0,0.62834907,0.0,0.0,0.0,0.0,0.0,0.0,0.0,0.5824551,0.0,0.0,0.0,0.0,0.51071495,0.0,0.6130004,0.0,0.0,0.0,0.0,0.0,0.0,0.0,0.0,0.0,0.0,0.0,1.6115825,0.62606287,0.4549872,0.0,0.0,0.0,0.0,0.0,0.0,0.0,0.0,0.0,0.51869917,0.0,0.0,0.0,0.0,0.0,0.9383504,0.66054314,0.0,0.0,0.5157903,0.0,0.0,0.0,0.4517608,0.45807907,0.0,0.0,1.1040285,0.6021371
67,0.0,0.3145549,0.0,0.0,0.0,0.0,0.0,0.0,0.0,0.351603,0.0,0.0,0.271075,0.0,0.0,0.0,0.41081417,0.0,0.31853974,0.5026876,0.0,0.31920052,0.0,0.0,0.0,0.24359989,0.0,0.0,0.0,0.0,1.0791361,0.0,0.24058187,0.0,0.94789594,0.272731,0.0,0.34421223,0.3470884,0.0,0.0,0.36267912,0.0,0.0,0.0,0.0,0.0,0.0,0.0,0.5626746,0.0,0.0,0.0,0.0,0.29611903,0.0,0.4767611,0.0,0.0,0.0,0.0,0.0,0.0,0.0,0.0,0.0,0.0,0.0,1.5900266,0.3001269,0.47318903,0.0,0.0,0.0,0.0,0.0,0.0,0.0,0.0,0.0,0.34481215,0.0,0.0,0.0,0.0,0.0,0.82987183,0.28742296,0.0,0.0,0.4958871,0.0,0.0,0.0,0.24322179,0.23121127,0.0,0.0,0.6020108,0.36841345
5,0.0,0.0,0.0,0.0,0.0,0.0,0.0,0.0,0.0,0.0,0.0,0.0,0.0,0.0,0.0,0.0,0.0,0.0,0.0,0.0,0.0,0.0,0.0,0.0,0.0,0.0,0.0,0.0,0.0,0.0,0.31761152,0.0,0.0,0.0,0.3912049,0.0,0.0,0.0,0.0,0.0,0.0,0.0,0.0,0.0,0.0,0.0,0.0,0.0,0.0,0.0,0.0,0.0,0.0,0.0,0.0,0.0,0.0,0.0,0.0,0.0,0.0,0.0,0.0,0.0,0.0,0.0,0.0,0.0,0.75560194,0.0,0.0,0.0,0.0,0.0,0.0,0.0,0.0,0.0,0.0,0.0,0.0,0.0,0.0,0.0,0.0,0.0,0.0,0.0,0.0,0.0,0.0,0.0,0.0,0.0,0.0,0.0,0.0,0.0,0.0,0.0
255,0.0,0.0,0.0,0.0,0.0,0.0,0.0,0.0,0.0,0.0,0.0,0.0,0.0,0.0,0.0,0.0,0.0,0.0,0.0,0.0,0.0,0.0,0.0,0.0,0.0,0.0,0.0,0.0,0.0,0.0,0.4617923,0.0,0.0,0.0,0.35576326,0.0,0.0,0.0,0.0,0.0,0.0,0.0,0.0,0.0,0.0,0.0,0.0,0.0,0.0,0.0,0.0,0.0,0.0,0.0,0.0,0.0,0.0,0.0,0.0,0.0,0.0,0.0,0.0,0.0,0.0,0.0,0.0,0.0,0.08057618,0.0,0.0,0.0,0.0,0.0,0.0,0.0,0.0,0.0,0.0,0.0,0.0,0.0,0.0,0.0,0.0,0.0,0.0,0.0,0.0,0.0,0.0,0.0,0.0,0.0,0.0,0.0,0.0,0.0,0.0,0.0
204,0.0,0.0,0.0,0.0,0.0,0.0,0.0,0.0,0.0,0.0,0.0,0.0,0.0,0.0,0.0,0.0,0.0,0.0,0.0,0.023097515,0.0,0.0,0.0,0.0,0.0,0.0,0.0,0.0,0.0,0.0,0.67379063,0.0,0.0,0.0,0.8681671,0.0,0.0,0.0,0.0,0.0,0.0,0.0,0.0,0.0,0.0,0.0,0.0,0.0,0.0,0.0,0.0,0.0,0.0,0.0,0.0,0.0,0.0,0.0,0.0,0.0,0.0,0.0,0.0,0.0,0.0,0.0,0.0,0.0,1.0843611,0.018411279,0.0,0.0,0.0,0.0,0.0,0.0,0.0,0.0,0.0,0.0,0.0,0.0,0.0,0.0,0.0,0.0,0.3568049,0.056891203,0.0,0.0,0.0,0.0,0.0,0.0,0.0,0.0,0.0,0.0,0.32821494,0.0
61,0.0,0.0,0.0,0.0,0.0,0.0,0.0,0.0,0.0,0.0,0.0,0.0,0.0,0.0,0.0,0.0,0.0,0.0,0.0,0.0,0.0,0.0,0.0,0.0,0.0,0.0,0.0,0.0,0.0,0.0,0.32719404,0.0,0.0,0.0,0.23412693,0.0,0.0,0.0,0.0,0.0,0.0,0.0,0.0,0.0,0.0,0.0,0.0,0.0,0.0,0.0,0.0,0.0,0.0,0.0,0.0,0.0,0.0,0.0,0.0,0.0,0.0,0.0,0.0,0.0,0.0,0.0,0.0,0.0,0.8591048,0.0,0.0,0.0,0.0,0.0,0.0,0.0,0.0,0.0,0.0,0.0,0.0,0.0,0.0,0.0,0.0,0.0,0.038820207,0.0,0.0,0.0,0.0,0.0,0.0,0.0,0.0,0.0,0.0,0.0,0.0,0.0
246,0.0,0.0,0.0,0.0,0.0,0.0,0.0,0.0,0.0,0.0,0.0,0.0,0.0,0.0,0.0,0.0,0.0,0.0,0.0,0.06454754,0.0,0.0,0.0,0.0,0.0,0.0,0.0,0.0,0.0,0.0,0.24523604,0.0,0.0,0.0,0.52453583,0.0,0.0,0.0,0.0,0.0,0.0,0.0,0.0,0.0,0.0,0.0,0.0,0.0,0.0,0.0,0.0,0.0,0.0,0.0,0.0,0.0,0.017282486,0.0,0.0,0.0,0.0,0.0,0.0,0.0,0.0,0.0,0.0,0.0,1.6436512,0.0,0.093001276,0.0,0.0,0.0,0.0,0.0,0.0,0.0,0.0,0.0,0.12106466,0.0,0.0,0.0,0.0,0.0,0.35308665,0.0,0.0,0.0,0.0,0.0,0.0,0.0,0.0,0.0,0.0,0.0,0.23323172,0.0
198,0.0,0.0,0.0,0.0,0.0,0.0,0.0,0.0,0.0,0.0,0.0,0.0,0.0,0.0,0.0,0.0,0.0,0.0,0.0,0.0,0.0,0.0,0.0,0.0,0.0,0.0,0.0,0.0,0.0,0.0,0.0,0.0,0.0,0.0,0.15439802,0.0,0.0,0.0,0.0,0.0,0.0,0.0,0.0,0.0,0.0,0.0,0.0,0.0,0.0,0.0,0.0,0.0,0.0,0.0,0.0,0.0,0.0,0.0,0.0,0.0,0.0,0.0,0.0,0.0,0.0,0.0,0.0,0.0,0.3534392,0.0,0.0,0.0,0.0,0.0,0.0,0.0,0.0,0.0,0.0,0.0,0.0,0.0,0.0,0.0,0.0,0.0,0.0,0.0,0.0,0.0,0.0,0.0,0.0,0.0,0.0,0.0,0.0,0.0,0.0,0.0
127,0.0,0.0,0.0,0.0,0.0,0.0,0.0,0.0,0.0,0.0,0.0,0.0,0.0,0.0,0.0,0.0,0.0,0.0,0.0,0.0,0.0,0.0,0.0,0.0,0.0,0.0,0.0,0.0,0.0,0.0,0.22028399,0.0,0.0,0.0,0.013151228,0.0,0.0,0.0,0.0,0.0,0.0,0.0,0.0,0.0,0.0,0.0,0.0,0.0,0.0,0.0,0.0,0.0,0.0,0.0,0.0,0.0,0.0,0.0,0.0,0.0,0.0,0.0,0.0,0.0,0.0,0.0,0.0,0.0,0.0,0.0,0.0,0.0,0.0,0.0,0.0,0.0,0.0,0.0,0.0,0.0,0.0,0.0,0.0,0.0,0.0,0.0,0.0,0.0,0.0,0.0,0.0,0.0,0.0,0.0,0.0,0.0,0.0,0.0,0.0,0.0
130,0.0,0.0,0.0,0.0,0.0,0.0,0.0,0.0,0.0,0.0,0.0,0.0,0.0,0.0,0.0,0.0,0.0,0.0,0.0,0.0,0.0,0.0,0.0,0.0,0.0,0.0,0.0,0.0,0.0,0.0,0.5962549,0.0,0.0,0.0,0.3700357,0.0,0.0,0.0,0.0,0.0,0.0,0.0,0.0,0.0,0.0,0.0,0.0,0.0,0.0,0.0,0.0,0.0,0.0,0.0,0.0,0.0,0.0,0.0,0.0,0.0,0.0,0.0,0.0,0.0,0.0,0.0,0.0,0.0,0.22679794,0.0,0.0,0.0,0.0,0.0,0.0,0.0,0.0,0.0,0.0,0.0,0.0,0.0,0.0,0.0,0.0,0.0,0.0,0.0,0.0,0.0,0.0,0.0,0.0,0.0,0.0,0.0,0.0,0.0,0.0,0.0
123,0.0,0.23140034,0.0,0.0,0.0,0.0,0.0,0.0,0.0,0.26828644,0.0,0.0,0.23344147,0.0,0.0,0.0,0.31872284,0.0,0.25673783,0.4894241,0.0,0.30559063,0.0,0.0,0.0,0.20377982,0.0,0.0,0.0,0.0,1.1494365,0.0,0.19209397,0.0,1.0703149,0.26968426,0.0,0.30287594,0.31528562,0.0,0.0,0.30590868,0.0,0.0,0.0,0.0,0.0,0.0,0.0,0.46659023,0.0,0.0,0.0,0.0,0.26412565,0.0,0.4238882,0.0,0.0,0.0,0.0,0.0,0.0,0.0,0.0,0.0,0.0,0.0,1.5505579,0.29251802,0.36845043,0.0,0.0,0.0,0.0,0.0,0.0,0.0,0.0,0.0,0.32792592,0.0,0.0,0.0,0.0,0.0,0.8329423,0.33618617,0.0,0.0,0.3860709,0.0,0.0,0.0,0.2304503,0.21426675,0.0,0.0,0.6046917,0.3395517
164,0.0,0.0,0.0,0.0,0.0,0.0,0.0,0.0,0.0,0.04786989,0.0,0.0,0.046762347,0.0,0.0,0.0,0.14720333,0.0,0.0,0.12951648,0.0,0.23522985,0.0,0.0,0.0,0.0052167177,0.0,0.0,0.0,0.0,1.3029304,0.0,0.0,0.0,1.2278178,0.0,0.0,0.12856549,0.24574071,0.0,0.0,0.22256756,0.0,0.0,0.0,0.0,0.0,0.0,0.0,0.24778885,0.0,0.0,0.0,0.0,0.08563048,0.0,0.091985464,0.0,0.0,0.0,0.0,0.0,0.0,0.0,0.0,0.0,0.0,0.0,0.85796744,0.19935763,0.03619662,0.0,0.0,0.0,0.0,0.0,0.0,0.0,0.0,0.0,0.019855738,0.0,0.0,0.0,0.0,0.0,0.53842837,0.33168894,0.0,0.0,0.06951553,0.0,0.0,0.0,0.05318895,0.07644376,0.0,0.0,0.4582352,0.1135273
118,0.0,0.0,0.0,0.0,0.0,0.0,0.0,0.0,0.0,0.0,0.0,0.0,0.0,0.0,0.0,0.0,0.0,0.0,0.0,0.0,0.0,0.0,0.0,0.0,0.0,0.0,0.0,0.0,0.0,0.0,0.5228179,0.0,0.0,0.0,0.4755072,0.0,0.0,0.0,0.0,0.0,0.0,0.0,0.0,0.0,0.0,0.0,0.0,0.0,0.0,0.0,0.0,0.0,0.0,0.0,0.0,0.0,0.0,0.0,0.0,0.0,0.0,0.0,0.0,0.0,0.0,0.0,0.0,0.0,0.94145626,0.0,0.0,0.0,0.0,0.0,0.0,0.0,0.0,0.0,0.0,0.0,0.0,0.0,0.0,0.0,0.0,0.0,0.1737327,0.0,0.0,0.0,0.0,0.0,0.0,0.0,0.0,0.0,0.0,0.0,0.0,0.0
252,0.0,0.0,0.0,0.0,0.0,0.0,0.0,0.0,0.0,0.0,0.0,0.0,0.0,0.0,0.0,0.0,0.0,0.0,0.0,0.0,0.0,0.0,0.0,0.0,0.0,0.0,0.0,0.0,0.0,0.0,0.08582115,0.0,0.0,0.0,0.0,0.0,0.0,0.0,0.0,0.0,0.0,0.0,0.0,0.0,0.0,0.0,0.0,0.0,0.0,0.0,0.0,0.0,0.0,0.0,0.0,0.0,0.0,0.0,0.0,0.0,0.0,0.0,0.0,0.0,0.0,0.0,0.0,0.0,0.0,0.0,0.0,0.0,0.0,0.0,0.0,0.0,0.0,0.0,0.0,0.0,0.0,0.0,0.0,0.0,0.0,0.0,0.0,0.0,0.0,0.0,0.0,0.0,0.0,0.0,0.0,0.0,0.0,0.0,0.0,0.0
180,0.0,0.22111043,0.0,0.0,0.0,0.0,0.0,0.0,0.0,0.2420226,0.0,0.0,0.27358365,0.0,0.0,0.0,0.35267913,0.0,0.22034013,0.6277331,0.0,0.34988225,0.0,0.0,0.0,0.31025398,0.0,0.0,0.0,0.0,0.687583,0.0,0.22035551,0.0,1.2472715,0.40292984,0.0,0.33336037,0.18679851,0.0,0.0,0.33299565,0.0,0.0,0.0,0.0,0.0,0.0,0.0,0.3456928,0.0,0.0,0.0,0.0,0.28262836,0.0,0.51897395,0.0,0.0,0.0,0.0,0.0,0.0,0.0,0.0,0.0,0.0,0.0,2.0037277,0.37730932,0.4444932,0.0,0.0,0.0,0.0,0.0,0.0,0.0,0.0,0.0,0.5601853,0.0,0.0,0.0,0.0,0.0,0.79057235,0.34003466,0.0,0.0,0.37514335,0.0,0.0,0.0,0.2713063,0.27723214,0.0,0.0,0.9813184,0.35564005
121,0.0,0.0,0.0,0.0,0.0,0.0,0.0,0.0,0.0,0.0,0.0,0.0,0.0,0.0,0.0,0.0,0.0030065775,0.0,0.00089144707,0.19002163,0.0,0.009528637,0.0,0.0,0.0,0.0,0.0,0.0,0.0,0.0,0.898789,0.0,0.0,0.0,0.8323917,0.01778251,0.0,0.008265436,0.025192201,0.0,0.0,0.0,0.0,0.0,0.0,0.0,0.0,0.0,0.0,0.16549593,0.0,0.0,0.0,0.0,0.0,0.0,0.14270449,0.0,0.0,0.0,0.0,0.0,0.0,0.0,0.0,0.0,0.0,0.0,1.3069172,0.044968486,0.1303555,0.0,0.0,0.0,0.0,0.0,0.0,0.0,0.0,0.0,0.09869897,0.0,0.0,0.0,0.0,0.0,0.5692584,0.10165501,0.0,0.0,0.09478539,0.0,0.0,0.0,0.012729317,0.0,0.0,0.0,0.31209677,0.025256872
4,0.0,0.0,0.0,0.0,0.0,0.0,0.0,0.0,0.0,0.0,0.0,0.0,0.0,0.0,0.0,0.0,0.0,0.0,0.0,0.0,0.0,0.0,0.0,0.0,0.0,0.0,0.0,0.0,0.0,0.0,0.19228774,0.0,0.0,0.0,0.27224332,0.0,0.0,0.0,0.0,0.0,0.0,0.0,0.0,0.0,0.0,0.0,0.0,0.0,0.0,0.0,0.0,0.0,0.0,0.0,0.0,0.0,0.0,0.0,0.0,0.0,0.0,0.0,0.0,0.0,0.0,0.0,0.0,0.0,0.6337816,0.0,0.0,0.0,0.0,0.0,0.0,0.0,0.0,0.0,0.0,0.0,0.0,0.0,0.0,0.0,0.0,0.0,0.0,0.0,0.0,0.0,0.0,0.0,0.0,0.0,0.0,0.0,0.0,0.0,0.0,0.0
114,0.0,0.0,0.0,0.0,0.0,0.0,0.0,0.0,0.0,0.0,0.0,0.0,0.0,0.0,0.0,0.0,0.0,0.0,0.0,0.0,0.0,0.0,0.0,0.0,0.0,0.0,0.0,0.0,0.0,0.0,0.021523118,0.0,0.0,0.0,0.0,0.0,0.0,0.0,0.0,0.0,0.0,0.0,0.0,0.0,0.0,0.0,0.0,0.0,0.0,0.0,0.0,0.0,0.0,0.0,0.0,0.0,0.0,0.0,0.0,0.0,0.0,0.0,0.0,0.0,0.0,0.0,0.0,0.0,0.45417494,0.0,0.0,0.0,0.0,0.0,0.0,0.0,0.0,0.0,0.0,0.0,0.0,0.0,0.0,0.0,0.0,0.0,0.0,0.0,0.0,0.0,0.0,0.0,0.0,0.0,0.0,0.0,0.0,0.0,0.0,0.0
264,0.0,0.40226445,0.0,0.0,0.0,0.0,0.0,0.0,0.0,0.4233273,0.0,0.0,0.3984089,0.0,0.0,0.0,0.58396375,0.0,0.3992833,0.53768766,0.0,0.5763855,0.0,0.0,0.0,0.25880456,0.0,0.0,0.0,0.0,1.5897052,0.0,0.31338382,0.0,1.4264169,0.34854537,0.0,0.53097457,0.63022,0.0,0.0,0.5958333,0.0,0.0,0.0,0.0,0.0,0.0,0.0,0.6532108,0.0,0.0,0.0,0.0,0.46259707,0.0,0.49336457,0.0,0.0,0.0,0.0,0.0,0.0,0.0,0.0,0.0,0.0,0.0,1.176959,0.53448355,0.3717951,0.0,0.0,0.0,0.0,0.0,0.0,0.0,0.0,0.0,0.29470134,0.0,0.0,0.0,0.0,0.0,0.90687984,0.62292737,0.0,0.0,0.49594623,0.0,0.0,0.0,0.3835347,0.38153192,0.0,0.0,0.7855782,0.5451474
105,0.0,0.0,0.0,0.0,0.0,0.0,0.0,0.0,0.0,0.0,0.0,0.0,0.0,0.0,0.0,0.0,0.0,0.0,0.0,0.0,0.0,0.0,0.0,0.0,0.0,0.0,0.0,0.0,0.0,0.0,0.47856158,0.0,0.0,0.0,0.6774693,0.0,0.0,0.0,0.0,0.0,0.0,0.0,0.0,0.0,0.0,0.0,0.0,0.0,0.0,0.0,0.0,0.0,0.0,0.0,0.0,0.0,0.0,0.0,0.0,0.0,0.0,0.0,0.0,0.0,0.0,0.0,0.0,0.0,0.92393094,0.0,0.0,0.0,0.0,0.0,0.0,0.0,0.0,0.0,0.0,0.0,0.0,0.0,0.0,0.0,0.0,0.0,0.1163823,0.0,0.0,0.0,0.0,0.0,0.0,0.0,0.0,0.0,0.0,0.0,0.116518795,0.0
260,0.0,0.0,0.0,0.0,0.0,0.0,0.0,0.0,0.0,0.0,0.0,0.0,0.0,0.0,0.0,0.0,0.0,0.0,0.0,0.0,0.0,0.0,0.0,0.0,0.0,0.0,0.0,0.0,0.0,0.0,1.0884106,0.0,0.0,0.0,0.95057076,0.0,0.0,0.0,0.050033033,0.0,0.0,0.0,0.0,0.0,0.0,0.0,0.0,0.0,0.0,0.05102235,0.0,0.0,0.0,0.0,0.0,0.0,0.0,0.0,0.0,0.0,0.0,0.0,0.0,0.0,0.0,0.0,0.0,0.0,0.68967766,0.039384365,0.0,0.0,0.0,0.0,0.0,0.0,0.0,0.0,0.0,0.0,0.0,0.0,0.0,0.0,0.0,0.0,0.3795119,0.15386534,0.0,0.0,0.0,0.0,0.0,0.0,0.0,0.0,0.0,0.0,0.20038873,0.0
83,0.0,0.556044,0.0,0.0,0.0,0.0,0.0,0.0,0.0,0.562073,0.0,0.0,0.5355077,0.0,0.0,0.0,0.84639835,0.0,0.478014,0.6635299,0.0,0.7282301,0.0,0.0,0.0,0.43124497,0.0,0.0,0.0,0.0,1.0852313,0.0,0.43939137,0.0,1.5407159,0.4749779,0.0,0.66988343,0.65150076,0.0,0.0,0.80992854,0.0,0.0,0.0,0.0,0.0,0.0,0.0,0.7190189,0.0,0.0,0.0,0.0,0.5756126,0.0,0.6374626,0.0,0.0,0.0,0.0,0.0,0.0,0.0,0.0,0.0,0.0,0.0,1.4954023,0.7018584,0.5852417,0.0,0.0,0.0,0.0,0.0,0.0,0.0,0.0,0.0,0.5190027,0.0,0.0,0.0,0.0,0.0,0.80196327,0.6429896,0.0,0.0,0.6589418,0.0,0.0,0.0,0.47358027,0.53309286,0.0,0.0,1.2380083,0.64247775
115,0.0,0.0,0.0,0.0,0.0,0.0,0.0,0.0,0.0,0.0,0.0,0.0,0.0,0.0,0.0,0.0,0.0,0.0,0.0,0.0,0.0,0.0,0.0,0.0,0.0,0.0,0.0,0.0,0.0,0.0,0.14684689,0.0,0.0,0.0,0.11862266,0.0,0.0,0.0,0.0,0.0,0.0,0.0,0.0,0.0,0.0,0.0,0.0,0.0,0.0,0.0,0.0,0.0,0.0,0.0,0.0,0.0,0.0,0.0,0.0,0.0,0.0,0.0,0.0,0.0,0.0,0.0,0.0,0.0,0.57599527,0.0,0.0,0.0,0.0,0.0,0.0,0.0,0.0,0.0,0.0,0.0,0.0,0.0,0.0,0.0,0.0,0.0,0.0,0.0,0.0,0.0,0.0,0.0,0.0,0.0,0.0,0.0,0.0,0.0,0.0,0.0
142,0.0,0.0,0.0,0.0,0.0,0.0,0.0,0.0,0.0,0.0,0.0,0.0,0.0,0.0,0.0,0.0,0.0,0.0,0.0,0.0,0.0,0.0,0.0,0.0,0.0,0.0,0.0,0.0,0.0,0.0,0.0,0.0,0.0,0.0,0.0,0.0,0.0,0.0,0.0,0.0,0.0,0.0,0.0,0.0,0.0,0.0,0.0,0.0,0.0,0.0,0.0,0.0,0.0,0.0,0.0,0.0,0.0,0.0,0.0,0.0,0.0,0.0,0.0,0.0,0.0,0.0,0.0,0.0,0.885277,0.0,0.0,0.0,0.0,0.0,0.0,0.0,0.0,0.0,0.0,0.0,0.0,0.0,0.0,0.0,0.0,0.0,0.0,0.0,0.0,0.0,0.0,0.0,0.0,0.0,0.0,0.0,0.0,0.0,0.0,0.0
302,0.0,0.0,0.0,0.0,0.0,0.0,0.0,0.0,0.0,0.0,0.0,0.0,0.0,0.0,0.0,0.0,0.0,0.0,0.0,0.031020284,0.0,0.0,0.0,0.0,0.0,0.0,0.0,0.0,0.0,0.0,0.74685985,0.0,0.0,0.0,0.48215812,0.0,0.0,0.0,0.0,0.0,0.0,0.0,0.0,0.0,0.0,0.0,0.0,0.0,0.0,0.15172333,0.0,0.0,0.0,0.0,0.0,0.0,0.034142613,0.0,0.0,0.0,0.0,0.0,0.0,0.0,0.0,0.0,0.0,0.0,1.2546151,0.0,0.13937345,0.0,0.0,0.0,0.0,0.0,0.0,0.0,0.0,0.0,0.0,0.0,0.0,0.0,0.0,0.0,0.44720381,0.0,0.0,0.0,0.069734275,0.0,0.0,0.0,0.0,0.0,0.0,0.0,0.05397278,0.0
70,0.0,0.0,0.0,0.0,0.0,0.0,0.0,0.0,0.0,0.0,0.0,0.0,0.0,0.0,0.0,0.0,0.0,0.0,0.0,0.0,0.0,0.0,0.0,0.0,0.0,0.0,0.0,0.0,0.0,0.0,0.0,0.0,0.0,0.0,0.0,0.0,0.0,0.0,0.0,0.0,0.0,0.0,0.0,0.0,0.0,0.0,0.0,0.0,0.0,0.0,0.0,0.0,0.0,0.0,0.0,0.0,0.0,0.0,0.0,0.0,0.0,0.0,0.0,0.0,0.0,0.0,0.0,0.0,0.0,0.0,0.0,0.0,0.0,0.0,0.0,0.0,0.0,0.0,0.0,0.0,0.0,0.0,0.0,0.0,0.0,0.0,0.0,0.0,0.0,0.0,0.0,0.0,0.0,0.0,0.0,0.0,0.0,0.0,0.0,0.0
6,0.0,0.0,0.0,0.0,0.0,0.0,0.0,0.0,0.0,0.0,0.0,0.0,0.0,0.0,0.0,0.0,0.0,0.0,0.0,0.0,0.0,0.0,0.0,0.0,0.0,0.0,0.0,0.0,0.0,0.0,0.4429353,0.0,0.0,0.0,0.51016647,0.0,0.0,0.0,0.0,0.0,0.0,0.0,0.0,0.0,0.0,0.0,0.0,0.0,0.0,0.0,0.0,0.0,0.0,0.0,0.0,0.0,0.0,0.0,0.0,0.0,0.0,0.0,0.0,0.0,0.0,0.0,0.0,0.0,0.8774223,0.0,0.0,0.0,0.0,0.0,0.0,0.0,0.0,0.0,0.0,0.0,0.0,0.0,0.0,0.0,0.0,0.0,0.0898779,0.0,0.0,0.0,0.0,0.0,0.0,0.0,0.0,0.0,0.0,0.0,0.0,0.0
239,0.0,0.0,0.0,0.0,0.0,0.0,0.0,0.0,0.0,0.0,0.0,0.0,0.0,0.0,0.0,0.0,0.0,0.0,0.0,0.0,0.0,0.0,0.0,0.0,0.0,0.0,0.0,0.0,0.0,0.0,0.0,0.0,0.0,0.0,0.0,0.0,0.0,0.0,0.0,0.0,0.0,0.0,0.0,0.0,0.0,0.0,0.0,0.0,0.0,0.0,0.0,0.0,0.0,0.0,0.0,0.0,0.0,0.0,0.0,0.0,0.0,0.0,0.0,0.0,0.0,0.0,0.0,0.0,0.79090935,0.0,0.0,0.0,0.0,0.0,0.0,0.0,0.0,0.0,0.0,0.0,0.0,0.0,0.0,0.0,0.0,0.0,0.0,0.0,0.0,0.0,0.0,0.0,0.0,0.0,0.0,0.0,0.0,0.0,0.0,0.0
84,0.0,0.0,0.0,0.0,0.0,0.0,0.0,0.0,0.0,0.0,0.0,0.0,0.0,0.0,0.0,0.0,0.0,0.0,0.0,0.0,0.0,0.0,0.0,0.0,0.0,0.0,0.0,0.0,0.0,0.0,0.0,0.0,0.0,0.0,0.0,0.0,0.0,0.0,0.0,0.0,0.0,0.0,0.0,0.0,0.0,0.0,0.0,0.0,0.0,0.0,0.0,0.0,0.0,0.0,0.0,0.0,0.0,0.0,0.0,0.0,0.0,0.0,0.0,0.0,0.0,0.0,0.0,0.0,0.3958465,0.0,0.0,0.0,0.0,0.0,0.0,0.0,0.0,0.0,0.0,0.0,0.0,0.0,0.0,0.0,0.0,0.0,0.0,0.0,0.0,0.0,0.0,0.0,0.0,0.0,0.0,0.0,0.0,0.0,0.0,0.0
162,0.0,0.0,0.0,0.0,0.0,0.0,0.0,0.0,0.0,0.0,0.0,0.0,0.0,0.0,0.0,0.0,0.0,0.0,0.0,0.0,0.0,0.0,0.0,0.0,0.0,0.0,0.0,0.0,0.0,0.0,1.0522828,0.0,0.0,0.0,0.9898948,0.0,0.0,0.0,0.0,0.0,0.0,0.0,0.0,0.0,0.0,0.0,0.0,0.0,0.0,0.0,0.0,0.0,0.0,0.0,0.0,0.0,0.0,0.0,0.0,0.0,0.0,0.0,0.0,0.0,0.0,0.0,0.0,0.0,0.61432654,0.0,0.0,0.0,0.0,0.0,0.0,0.0,0.0,0.0,0.0,0.0,0.0,0.0,0.0,0.0,0.0,0.0,0.27474445,0.097157896,0.0,0.0,0.0,0.0,0.0,0.0,0.0,0.0,0.0,0.0,0.16564041,0.0
109,0.0,0.16011676,0.0,0.0,0.0,0.0,0.0,0.0,0.0,0.21491608,0.0,0.0,0.17768526,0.0,0.0,0.0,0.31702805,0.0,0.13269305,0.36626387,0.0,0.31807995,0.0,0.0,0.0,0.1879009,0.0,0.0,0.0,0.0,0.97985643,0.0,0.13140523,0.0,1.1533153,0.16391283,0.0,0.2491352,0.262639,0.0,0.0,0.33487487,0.0,0.0,0.0,0.0,0.0,0.0,0.0,0.38982517,0.0,0.0,0.0,0.0,0.2071777,0.0,0.31658983,0.0,0.0,0.0,0.0,0.0,0.0,0.0,0.0,0.0,0.0,0.0,1.4112122,0.2789867,0.31204513,0.0,0.0,0.0,0.0,0.0,0.0,0.0,0.0,0.0,0.2902577,0.0,0.0,0.0,0.0,0.0,0.64375,0.3038934,0.0,0.0,0.29860395,0.0,0.0,0.0,0.1517165,0.19354269,0.0,0.0,0.70170826,0.24892795
37,0.0,0.0,0.0,0.0,0.0,0.0,0.0,0.0,0.0,0.06837246,0.0,0.0,0.0,0.0,0.0,0.0,0.0,0.0,0.037458777,0.2939999,0.0,0.0,0.0,0.0,0.0,0.031743765,0.0,0.0,0.0,0.0,1.131082,0.0,0.0,0.0,0.3940751,0.0,0.0,0.0,0.001603663,0.0,0.0,0.0,0.0,0.0,0.0,0.0,0.0,0.0,0.0,0.35466832,0.0,0.0,0.0,0.0,0.0,0.0,0.20638347,0.0,0.0,0.0,0.0,0.0,0.0,0.0,0.0,0.0,0.0,0.0,1.686475,0.0,0.2804663,0.0,0.0,0.0,0.0,0.0,0.0,0.0,0.0,0.0,0.16660821,0.0,0.0,0.0,0.0,0.0,0.82700044,0.0,0.0,0.0,0.21796316,0.0,0.0,0.0,0.0,0.0,0.0,0.0,0.0,0.017633915
3,0.0,0.0,0.0,0.0,0.0,0.0,0.0,0.0,0.0,0.0,0.0,0.0,0.0,0.0,0.0,0.0,0.0,0.0,0.0,0.0,0.0,0.0,0.0,0.0,0.0,0.0,0.0,0.0,0.0,0.0,0.06696421,0.0,0.0,0.0,0.15328187,0.0,0.0,0.0,0.0,0.0,0.0,0.0,0.0,0.0,0.0,0.0,0.0,0.0,0.0,0.0,0.0,0.0,0.0,0.0,0.0,0.0,0.0,0.0,0.0,0.0,0.0,0.0,0.0,0.0,0.0,0.0,0.0,0.0,0.5119613,0.0,0.0,0.0,0.0,0.0,0.0,0.0,0.0,0.0,0.0,0.0,0.0,0.0,0.0,0.0,0.0,0.0,0.0,0.0,0.0,0.0,0.0,0.0,0.0,0.0,0.0,0.0,0.0,0.0,0.0,0.0
244,0.0,0.0,0.0,0.0,0.0,0.0,0.0,0.0,0.0,0.0,0.0,0.0,0.0,0.0,0.0,0.0,0.0,0.0,0.0,0.0,0.0,0.0,0.0,0.0,0.0,0.0,0.0,0.0,0.0,0.0,0.0,0.0,0.0,0.0,0.28661293,0.0,0.0,0.0,0.0,0.0,0.0,0.0,0.0,0.0,0.0,0.0,0.0,0.0,0.0,0.0,0.0,0.0,0.0,0.0,0.0,0.0,0.0,0.0,0.0,0.0,0.0,0.0,0.0,0.0,0.0,0.0,0.0,0.0,1.4000108,0.0,0.0,0.0,0.0,0.0,0.0,0.0,0.0,0.0,0.0,0.0,0.0,0.0,0.0,0.0,0.0,0.0,0.089402854,0.0,0.0,0.0,0.0,0.0,0.0,0.0,0.0,0.0,0.0,0.0,0.0,0.0
78,0.0,0.0,0.0,0.0,0.0,0.0,0.0,0.0,0.0,0.0,0.0,0.0,0.0,0.0,0.0,0.0,0.057108164,0.0,0.0,0.0,0.0,0.0,0.0,0.0,0.0,0.0,0.0,0.0,0.0,0.0,0.45861286,0.0,0.0,0.0,0.94590825,0.0,0.0,0.0,0.0,0.0,0.0,0.0443573,0.0,0.0,0.0,0.0,0.0,0.0,0.0,0.0,0.0,0.0,0.0,0.0,0.0,0.0,0.0,0.0,0.0,0.0,0.0,0.0,0.0,0.0,0.0,0.0,0.0,0.0,0.88630086,0.082984686,0.0,0.0,0.0,0.0,0.0,0.0,0.0,0.0,0.0,0.0,0.0,0.0,0.0,0.0,0.0,0.0,0.14275366,0.056662202,0.0,0.0,0.0,0.0,0.0,0.0,0.0,0.0,0.0,0.0,0.5065214,0.0
166,0.0,0.26959094,0.0,0.0,0.0,0.0,0.0,0.0,0.0,0.32055685,0.0,0.0,0.292351,0.0,0.0,0.0,0.46291935,0.0,0.24110448,0.4289192,0.0,0.5312921,0.0,0.0,0.0,0.21368933,0.0,0.0,0.0,0.0,1.5535777,0.0,0.21200895,0.0,1.4657409,0.23303467,0.0,0.42317623,0.53583413,0.0,0.0,0.5287962,0.0,0.0,0.0,0.0,0.0,0.0,0.0,0.54888314,0.0,0.0,0.0,0.0,0.36871296,0.0,0.37316918,0.0,0.0,0.0,0.0,0.0,0.0,0.0,0.0,0.0,0.0,0.0,1.101608,0.44690728,0.27429143,0.0,0.0,0.0,0.0,0.0,0.0,0.0,0.0,0.0,0.24908268,0.0,0.0,0.0,0.0,0.0,0.8021124,0.56622,0.0,0.0,0.36080128,0.0,0.0,0.0,0.27090982,0.30721554,0.0,0.0,0.7508299,0.4278221
196,0.0,0.0,0.0,0.0,0.0,0.0,0.0,0.0,0.0,0.0,0.0,0.0,0.0,0.0,0.0,0.0,0.0,0.0,0.0,0.0,0.0,0.0,0.0,0.0,0.0,0.0,0.0,0.0,0.0,0.0,0.0,0.0,0.0,0.0,0.0,0.0,0.0,0.0,0.0,0.0,0.0,0.0,0.0,0.0,0.0,0.0,0.0,0.0,0.0,0.0,0.0,0.0,0.0,0.0,0.0,0.0,0.0,0.0,0.0,0.0,0.0,0.0,0.0,0.0,0.0,0.0,0.0,0.0,0.10979861,0.0,0.0,0.0,0.0,0.0,0.0,0.0,0.0,0.0,0.0,0.0,0.0,0.0,0.0,0.0,0.0,0.0,0.0,0.0,0.0,0.0,0.0,0.0,0.0,0.0,0.0,0.0,0.0,0.0,0.0,0.0
181,0.0,0.36176023,0.0,0.0,0.0,0.0,0.0,0.0,0.0,0.37836608,0.0,0.0,0.3963778,0.0,0.0,0.0,0.510537,0.0,0.34826314,0.77743423,0.0,0.497913,0.0,0.0,0.0,0.41449022,0.0,0.0,0.0,0.0,0.81290656,0.0,0.3327794,0.0,1.3662329,0.52888066,0.0,0.4806654,0.33184522,0.0,0.0,0.48610973,0.0,0.0,0.0,0.0,0.0,0.0,0.0,0.4962396,0.0,0.0,0.0,0.0,0.42416936,0.0,0.65956557,0.0,0.0,0.0,0.0,0.0,0.0,0.0,0.0,0.0,0.0,0.0,2.125548,0.50108385,0.5635406,0.0,0.0,0.0,0.0,0.0,0.0,0.0,0.0,0.0,0.67479885,0.0,0.0,0.0,0.0,0.0,0.922414,0.4573,0.0,0.0,0.52078587,0.0,0.0,0.0,0.38016668,0.39261767,0.0,0.0,1.1276159,0.5127872
64,0.0,0.0,0.0,0.0,0.0,0.0,0.0,0.0,0.0,0.0,0.0,0.0,0.0,0.0,0.0,0.0,0.0,0.0,0.0,0.05358374,0.0,0.0,0.0,0.0,0.0,0.0,0.0,0.0,0.0,0.0,0.7031649,0.0,0.0,0.0,0.59101146,0.0,0.0,0.0,0.0,0.0,0.0,0.0,0.0,0.0,0.0,0.0,0.0,0.0,0.0,0.11103314,0.0,0.0,0.0,0.0,0.0,0.0,0.05498576,0.0,0.0,0.0,0.0,0.0,0.0,0.0,0.0,0.0,0.0,0.0,1.2245657,0.0,0.11604658,0.0,0.0,0.0,0.0,0.0,0.0,0.0,0.0,0.0,0.0009716749,0.0,0.0,0.0,0.0,0.0,0.43434602,0.0,0.0,0.0,0.05895871,0.0,0.0,0.0,0.0,0.0,0.0,0.0,0.16311854,0.0
210,0.0,0.0,0.0,0.0,0.0,0.0,0.0,0.0,0.0,0.0,0.0,0.0,0.0,0.0,0.0,0.0,0.0,0.0,0.0,0.0,0.0,0.0,0.0,0.0,0.0,0.0,0.0,0.0,0.0,0.0,0.0,0.0,0.0,0.0,0.08152872,0.0,0.0,0.0,0.0,0.0,0.0,0.0,0.0,0.0,0.0,0.0,0.0,0.0,0.0,0.0,0.0,0.0,0.0,0.0,0.0,0.0,0.0,0.0,0.0,0.0,0.0,0.0,0.0,0.0,0.0,0.0,0.0,0.0,0.0,0.0,0.0,0.0,0.0,0.0,0.0,0.0,0.0,0.0,0.0,0.0,0.0,0.0,0.0,0.0,0.0,0.0,0.0,0.0,0.0,0.0,0.0,0.0,0.0,0.0,0.0,0.0,0.0,0.0,0.0,0.0
50,0.0,0.0,0.0,0.0,0.0,0.0,0.0,0.0,0.0,0.0,0.0,0.0,0.0,0.0,0.0,0.0,0.0,0.0,0.0,0.0,0.0,0.0,0.0,0.0,0.0,0.0,0.0,0.0,0.0,0.0,0.6514115,0.0,0.0,0.0,0.88973826,0.0,0.0,0.0,0.0,0.0,0.0,0.0,0.0,0.0,0.0,0.0,0.0,0.0,0.0,0.0,0.0,0.0,0.0,0.0,0.0,0.0,0.0,0.0,0.0,0.0,0.0,0.0,0.0,0.0,0.0,0.0,0.0,0.0,1.0272248,0.0,0.0,0.0,0.0,0.0,0.0,0.0,0.0,0.0,0.0,0.0,0.0,0.0,0.0,0.0,0.0,0.0,0.26131898,0.0,0.0,0.0,0.0,0.0,0.0,0.0,0.0,0.0,0.0,0.0,0.27090204,0.0
23,0.0,0.0,0.0,0.0,0.0,0.0,0.0,0.0,0.0,0.0,0.0,0.0,0.0,0.0,0.0,0.0,0.1042552,0.0,0.0,0.0,0.0,0.12365663,0.0,0.0,0.0,0.0,0.0,0.0,0.0,0.0,0.55737835,0.0,0.0,0.0,1.2225451,0.0,0.0,0.0,0.0006930232,0.0,0.0,0.14944232,0.0,0.0,0.0,0.0,0.0,0.0,0.0,0.0,0.0,0.0,0.0,0.0,0.0,0.0,0.0,0.0,0.0,0.0,0.0,0.0,0.0,0.0,0.0,0.0,0.0,0.0,0.88404304,0.16842216,0.0,0.0,0.0,0.0,0.0,0.0,0.0,0.0,0.0,0.0,0.0175035,0.0,0.0,0.0,0.0,0.0,0.15595096,0.18820703,0.0,0.0,0.0,0.0,0.0,0.0,0.0,0.031809658,0.0,0.0,0.6927921,0.0
43,0.0,0.0,0.0,0.0,0.0,0.0,0.0,0.0,0.0,0.0,0.0,0.0,0.0,0.0,0.0,0.0,0.0,0.0,0.0,0.0,0.0,0.0,0.0,0.0,0.0,0.0,0.0,0.0,0.0,0.0,0.0,0.0,0.0,0.0,0.05700767,0.0,0.0,0.0,0.0,0.0,0.0,0.0,0.0,0.0,0.0,0.0,0.0,0.0,0.0,0.0,0.0,0.0,0.0,0.0,0.0,0.0,0.0,0.0,0.0,0.0,0.0,0.0,0.0,0.0,0.0,0.0,0.0,0.0,0.1744827,0.0,0.0,0.0,0.0,0.0,0.0,0.0,0.0,0.0,0.0,0.0,0.0,0.0,0.0,0.0,0.0,0.0,0.0,0.0,0.0,0.0,0.0,0.0,0.0,0.0,0.0,0.0,0.0,0.0,0.0,0.0
128,0.0,0.0,0.0,0.0,0.0,0.0,0.0,0.0,0.0,0.0,0.0,0.0,0.0,0.0,0.0,0.0,0.0,0.0,0.0,0.0,0.0,0.0,0.0,0.0,0.0,0.0,0.0,0.0,0.0,0.0,0.34560758,0.0,0.0,0.0,0.13211268,0.0,0.0,0.0,0.0,0.0,0.0,0.0,0.0,0.0,0.0,0.0,0.0,0.0,0.0,0.0,0.0,0.0,0.0,0.0,0.0,0.0,0.0,0.0,0.0,0.0,0.0,0.0,0.0,0.0,0.0,0.0,0.0,0.0,0.0,0.0,0.0,0.0,0.0,0.0,0.0,0.0,0.0,0.0,0.0,0.0,0.0,0.0,0.0,0.0,0.0,0.0,0.0,0.0,0.0,0.0,0.0,0.0,0.0,0.0,0.0,0.0,0.0,0.0,0.0,0.0
24,0.0,0.0,0.0,0.0,0.0,0.0,0.0,0.0,0.0,0.03272268,0.0,0.0,0.07985008,0.0,0.0,0.0,0.26211333,0.0,0.0,0.11430287,0.0,0.27168763,0.0,0.0,0.0,0.06733489,0.0,0.0,0.0,0.0,0.6827021,0.0,0.0048644543,0.0,1.3415067,0.00977236,0.0,0.13617021,0.14573973,0.0,0.0,0.30255663,0.0,0.0,0.0,0.0,0.0,0.0,0.0,0.12709731,0.0,0.0,0.0,0.0,0.07335228,0.0,0.08245802,0.0,0.0,0.0,0.0,0.0,0.0,0.0,0.0,0.0,0.0,0.0,1.0058634,0.29219693,0.08660939,0.0,0.0,0.0,0.0,0.0,0.0,0.0,0.0,0.0,0.13211703,0.0,0.0,0.0,0.0,0.0,0.28779298,0.3054726,0.0,0.0,0.050926745,0.0,0.0,0.0,0.06610647,0.14719543,0.0,0.0,0.8390896,0.07267952
187,0.0,0.0,0.0,0.0,0.0,0.0,0.0,0.0,0.0,0.0,0.0,0.0,0.0,0.0,0.0,0.0,0.0,0.0,0.0,0.0,0.0,0.0,0.0,0.0,0.0,0.0,0.0,0.0,0.0,0.0,0.26726395,0.0,0.0,0.0,0.6403007,0.0,0.0,0.0,0.0,0.0,0.0,0.0,0.0,0.0,0.0,0.0,0.0,0.0,0.0,0.0,0.0,0.0,0.0,0.0,0.0,0.0,0.0,0.0,0.0,0.0,0.0,0.0,0.0,0.0,0.0,0.0,0.0,0.0,0.63702005,0.0,0.0,0.0,0.0,0.0,0.0,0.0,0.0,0.0,0.0,0.0,0.0,0.0,0.0,0.0,0.0,0.0,0.0,0.0,0.0,0.0,0.0,0.0,0.0,0.0,0.0,0.0,0.0,0.0,0.0,0.0
248,0.0,0.0049031675,0.0,0.0,0.0,0.0,0.0,0.0,0.0,0.056594342,0.0,0.0,0.029620051,0.0,0.0,0.0,0.049288154,0.0,0.023688436,0.36395,0.0,0.019907832,0.0,0.0,0.0,0.13708746,0.0,0.0,0.0,0.0,0.49588352,0.0,0.02727437,0.0,0.76245886,0.13573092,0.0,0.038547337,0.0,0.0,0.0,0.016736984,0.0,0.0,0.0,0.0,0.0,0.0,0.0,0.18556565,0.0,0.0,0.0,0.0,0.012981474,0.0,0.29846597,0.0,0.0,0.0,0.0,0.0,0.0,0.0,0.0,0.0,0.0,0.0,1.8872921,0.049738526,0.33109632,0.0,0.0,0.0,0.0,0.0,0.0,0.0,0.0,0.0,0.35029173,0.0,0.0,0.0,0.0,0.0,0.61677057,0.0040686727,0.0,0.0,0.20942467,0.0,0.0,0.0,0.02903369,0.020009726,0.0,0.0,0.5258265,0.059491992
140,0.0,0.0,0.0,0.0,0.0,0.0,0.0,0.0,0.0,0.0,0.0,0.0,0.0,0.0,0.0,0.0,0.0,0.0,0.0,0.0,0.0,0.0,0.0,0.0,0.0,0.0,0.0,0.0,0.0,0.0,0.0,0.0,0.0,0.0,0.0,0.0,0.0,0.0,0.0,0.0,0.0,0.0,0.0,0.0,0.0,0.0,0.0,0.0,0.0,0.0,0.0,0.0,0.0,0.0,0.0,0.0,0.0,0.0,0.0,0.0,0.0,0.0,0.0,0.0,0.0,0.0,0.0,0.0,0.64163643,0.0,0.0,0.0,0.0,0.0,0.0,0.0,0.0,0.0,0.0,0.0,0.0,0.0,0.0,0.0,0.0,0.0,0.0,0.0,0.0,0.0,0.0,0.0,0.0,0.0,0.0,0.0,0.0,0.0,0.0,0.0
278,0.0,0.35378394,0.0,0.0,0.0,0.0,0.0,0.0,0.0,0.34479305,0.0,0.0,0.3796413,0.0,0.0,0.0,0.47372353,0.0,0.37851894,0.7365016,0.0,0.39497566,0.0,0.0,0.0,0.3553691,0.0,0.0,0.0,0.0,0.7237106,0.0,0.32173014,0.0,1.2079475,0.51844054,0.0,0.4411587,0.28118438,0.0,0.0,0.40003276,0.0,0.0,0.0,0.0,0.0,0.0,0.0,0.45002025,0.0,0.0,0.0,0.0,0.3765126,0.0,0.63916934,0.0,0.0,0.0,0.0,0.0,0.0,0.0,0.0,0.0,0.0,0.0,2.079079,0.4648856,0.54199684,0.0,0.0,0.0,0.0,0.0,0.0,0.0,0.0,0.0,0.6058042,0.0,0.0,0.0,0.0,0.0,0.8953398,0.39674217,0.0,0.0,0.5102883,0.0,0.0,0.0,0.3839312,0.35154864,0.0,0.0,1.0160666,0.47296548
291,0.0,0.07346019,0.0,0.0,0.0,0.0,0.0,0.0,0.0,0.13929078,0.0,0.0,0.11024916,0.0,0.0,0.0,0.2023437,0.0,0.05493045,0.3337965,0.0,0.26107478,0.0,0.0,0.0,0.14821744,0.0,0.0,0.0,0.0,1.0389798,0.0,0.06926,0.0,1.1471467,0.12161893,0.0,0.18284017,0.19274372,0.0,0.0,0.2483654,0.0,0.0,0.0,0.0,0.0,0.0,0.0,0.32037777,0.0,0.0,0.0,0.0,0.1479364,0.0,0.27074575,0.0,0.0,0.0,0.0,0.0,0.0,0.0,0.0,0.0,0.0,0.0,1.4170609,0.21121514,0.2455081,0.0,0.0,0.0,0.0,0.0,0.0,0.0,0.0,0.0,0.26347542,0.0,0.0,0.0,0.0,0.0,0.6560431,0.2680667,0.0,0.0,0.21608192,0.0,0.0,0.0,0.09599772,0.12832615,0.0,0.0,0.61643,0.18863511
189,0.0,0.0,0.0,0.0,0.0,0.0,0.0,0.0,0.0,0.0,0.0,0.0,0.0,0.0,0.0,0.0,0.0,0.0,0.0,0.0,0.0,0.0,0.0,0.0,0.0,0.0,0.0,0.0,0.0,0.0,0.5179114,0.0,0.0,0.0,0.87822384,0.0,0.0,0.0,0.0,0.0,0.0,0.0,0.0,0.0,0.0,0.0,0.0,0.0,0.0,0.0,0.0,0.0,0.0,0.0,0.0,0.0,0.0,0.0,0.0,0.0,0.0,0.0,0.0,0.0,0.0,0.0,0.0,0.0,0.8806607,0.0,0.0,0.0,0.0,0.0,0.0,0.0,0.0,0.0,0.0,0.0,0.0,0.0,0.0,0.0,0.0,0.0,0.14729887,0.0,0.0,0.0,0.0,0.0,0.0,0.0,0.0,0.0,0.0,0.0,0.22624427,0.0
179,0.0,0.0804604,0.0,0.0,0.0,0.0,0.0,0.0,0.0,0.105679125,0.0,0.0,0.15078938,0.0,0.0,0.0,0.19482124,0.0,0.09241712,0.47803175,0.0,0.20185101,0.0,0.0,0.0,0.20601773,0.0,0.0,0.0,0.0,0.5622595,0.0,0.107931495,0.0,1.12831,0.27697903,0.0,0.18605489,0.041751802,0.0,0.0,0.17988133,0.0,0.0,0.0,0.0,0.0,0.0,0.0,0.19514579,0.0,0.0,0.0,0.0,0.14108711,0.0,0.3783821,0.0,0.0,0.0,0.0,0.0,0.0,0.0,0.0,0.0,0.0,0.0,1.8819075,0.25353444,0.3254458,0.0,0.0,0.0,0.0,0.0,0.0,0.0,0.0,0.0,0.44557178,0.0,0.0,0.0,0.0,0.0,0.6587302,0.2227692,0.0,0.0,0.22950035,0.0,0.0,0.0,0.16244593,0.16184625,0.0,0.0,0.8350212,0.19849265
245,0.0,0.0,0.0,0.0,0.0,0.0,0.0,0.0,0.0,0.0,0.0,0.0,0.0,0.0,0.0,0.0,0.0,0.0,0.0,0.0,0.0,0.0,0.0,0.0,0.0,0.0,0.0,0.0,0.0,0.0,0.119912505,0.0,0.0,0.0,0.40557438,0.0,0.0,0.0,0.0,0.0,0.0,0.0,0.0,0.0,0.0,0.0,0.0,0.0,0.0,0.0,0.0,0.0,0.0,0.0,0.0,0.0,0.0,0.0,0.0,0.0,0.0,0.0,0.0,0.0,0.0,0.0,0.0,0.0,1.5218313,0.0,0.0,0.0,0.0,0.0,0.0,0.0,0.0,0.0,0.0,0.0,0.006451249,0.0,0.0,0.0,0.0,0.0,0.22124475,0.0,0.0,0.0,0.0,0.0,0.0,0.0,0.0,0.0,0.0,0.0,0.08693451,0.0
153,0.0,0.46154913,0.0,0.0,0.0,0.0,0.0,0.0,0.0,0.47577044,0.0,0.0,0.45013142,0.0,0.0,0.0,0.579234,0.0,0.45629954,0.8481922,0.0,0.50559807,0.0,0.0,0.0,0.45624685,0.0,0.0,0.0,0.0,0.8581733,0.0,0.39963603,0.0,1.22222,0.57654923,0.0,0.53375965,0.39126486,0.0,0.0,0.51749694,0.0,0.0,0.0,0.0,0.0,0.0,0.0,0.6222008,0.0,0.0,0.0,0.0,0.4783855,0.0,0.7481637,0.0,0.0,0.0,0.0,0.0,0.0,0.0,0.0,0.0,0.0,0.0,2.2253006,0.50386167,0.676605,0.0,0.0,0.0,0.0,0.0,0.0,0.0,0.0,0.0,0.7078829,0.0,0.0,0.0,0.0,0.0,1.0164926,0.43439013,0.0,0.0,0.6525919,0.0,0.0,0.0,0.42255297,0.4181119,0.0,0.0,1.0646179,0.58024335
40,0.0,0.37619898,0.0,0.0,0.0,0.0,0.0,0.0,0.0,0.4774029,0.0,0.0,0.28360462,0.0,0.0,0.0,0.3054049,0.0,0.42122817,0.74310374,0.0,0.32964635,0.0,0.0,0.0,0.34445274,0.0,0.0,0.0,0.0,1.5070531,0.0,0.29679084,0.0,0.7509597,0.36640877,0.0,0.34740275,0.4367438,0.0,0.0,0.3019935,0.0,0.0,0.0,0.0,0.0,0.0,0.0,0.80630964,0.0,0.0,0.0,0.0,0.37763244,0.0,0.62815905,0.0,0.0,0.0,0.0,0.0,0.0,0.0,0.0,0.0,0.0,0.0,2.051936,0.16593075,0.63760865,0.0,0.0,0.0,0.0,0.0,0.0,0.0,0.0,0.0,0.5104487,0.0,0.0,0.0,0.0,0.0,1.2225263,0.26779395,0.0,0.0,0.65489167,0.0,0.0,0.0,0.24392799,0.2388682,0.0,0.0,0.3348121,0.48907614
213,0.0,0.0,0.0,0.0,0.0,0.0,0.0,0.0,0.0,0.0,0.0,0.0,0.0,0.0,0.0,0.0,0.0,0.0,0.0,0.0,0.0,0.0,0.0,0.0,0.0,0.0,0.0,0.0,0.0,0.0,0.0,0.0,0.0,0.0,0.43841332,0.0,0.0,0.0,0.0,0.0,0.0,0.0,0.0,0.0,0.0,0.0,0.0,0.0,0.0,0.0,0.0,0.0,0.0,0.0,0.0,0.0,0.0,0.0,0.0,0.0,0.0,0.0,0.0,0.0,0.0,0.0,0.0,0.0,0.25423324,0.0,0.0,0.0,0.0,0.0,0.0,0.0,0.0,0.0,0.0,0.0,0.0,0.0,0.0,0.0,0.0,0.0,0.0,0.0,0.0,0.0,0.0,0.0,0.0,0.0,0.0,0.0,0.0,0.0,0.0,0.0
45,0.0,0.0,0.0,0.0,0.0,0.0,0.0,0.0,0.0,0.0,0.0,0.0,0.0,0.0,0.0,0.0,0.0,0.0,0.0,0.0,0.0,0.0,0.0,0.0,0.0,0.0,0.0,0.0,0.0,0.0,0.024793208,0.0,0.0,0.0,0.2949307,0.0,0.0,0.0,0.0,0.0,0.0,0.0,0.0,0.0,0.0,0.0,0.0,0.0,0.0,0.0,0.0,0.0,0.0,0.0,0.0,0.0,0.0,0.0,0.0,0.0,0.0,0.0,0.0,0.0,0.0,0.0,0.0,0.0,0.4181233,0.0,0.0,0.0,0.0,0.0,0.0,0.0,0.0,0.0,0.0,0.0,0.0,0.0,0.0,0.0,0.0,0.0,0.0,0.0,0.0,0.0,0.0,0.0,0.0,0.0,0.0,0.0,0.0,0.0,0.0,0.0
205,0.0,0.0,0.0,0.0,0.0,0.0,0.0,0.0,0.0,0.0,0.0,0.0,0.025196433,0.0,0.0,0.0,0.07211292,0.0,0.00391984,0.17279887,0.0,0.057494998,0.0,0.0,0.0,0.0,0.0,0.0,0.0,0.0,0.7991144,0.0,0.0,0.0,0.9871287,0.04684621,0.0,0.052446425,0.038453877,0.0,0.0,0.058590412,0.0,0.0,0.0,0.0,0.0,0.0,0.0,0.10414451,0.0,0.0,0.0,0.0,0.00060909986,0.0,0.13392973,0.0,0.0,0.0,0.0,0.0,0.0,0.0,0.0,0.0,0.0,0.0,1.2061813,0.14218605,0.08967522,0.0,0.0,0.0,0.0,0.0,0.0,0.0,0.0,0.0,0.0913713,0.0,0.0,0.0,0.0,0.0,0.4886468,0.17415667,0.0,0.0,0.06299597,0.0,0.0,0.0,0.05962482,0.027849048,0.0,0.0,0.47451228,0.04052508
15,0.0,0.0,0.0,0.0,0.0,0.0,0.0,0.0,0.0,0.0,0.0,0.0,0.0,0.0,0.0,0.0,0.0,0.0,0.0,0.0,0.0,0.0,0.0,0.0,0.0,0.0,0.0,0.0,0.0,0.0,0.0,0.0,0.0,0.0,0.2708531,0.0,0.0,0.0,0.0,0.0,0.0,0.0,0.0,0.0,0.0,0.0,0.0,0.0,0.0,0.0,0.0,0.0,0.0,0.0,0.0,0.0,0.0,0.0,0.0,0.0,0.0,0.0,0.0,0.0,0.0,0.0,0.0,0.0,0.0,0.0,0.0,0.0,0.0,0.0,0.0,0.0,0.0,0.0,0.0,0.0,0.0,0.0,0.0,0.0,0.0,0.0,0.0,0.0,0.0,0.0,0.0,0.0,0.0,0.0,0.0,0.0,0.0,0.0,0.0,0.0
251,0.0,0.42685303,0.0,0.0,0.0,0.0,0.0,0.0,0.0,0.46562478,0.0,0.0,0.39800286,0.0,0.0,0.0,0.5228621,0.0,0.4074577,0.81305385,0.0,0.46400082,0.0,0.0,0.0,0.44979632,0.0,0.0,0.0,0.0,0.87185436,0.0,0.3645463,0.0,1.1193433,0.5135836,0.0,0.4804631,0.35180014,0.0,0.0,0.4760797,0.0,0.0,0.0,0.0,0.0,0.0,0.0,0.63720673,0.0,0.0,0.0,0.0,0.43760496,0.0,0.7202413,0.0,0.0,0.0,0.0,0.0,0.0,0.0,0.0,0.0,0.0,0.0,2.252753,0.4210627,0.6882385,0.0,0.0,0.0,0.0,0.0,0.0,0.0,0.0,0.0,0.6941321,0.0,0.0,0.0,0.0,0.0,1.0122962,0.35586506,0.0,0.0,0.64635295,0.0,0.0,0.0,0.35561493,0.36616704,0.0,0.0,0.96471864,0.530934
300,0.0,0.0,0.0,0.0,0.0,0.0,0.0,0.0,0.0,0.0,0.0,0.0,0.0,0.0,0.0,0.0,0.0,0.0,0.0,0.0,0.0,0.0,0.0,0.0,0.0,0.0,0.0,0.0,0.0,0.0,0.49621254,0.0,0.0,0.0,0.24423522,0.0,0.0,0.0,0.0,0.0,0.0,0.0,0.0,0.0,0.0,0.0,0.0,0.0,0.0,0.0,0.0,0.0,0.0,0.0,0.0,0.0,0.0,0.0,0.0,0.0,0.0,0.0,0.0,0.0,0.0,0.0,0.0,0.0,1.0109744,0.0,0.0,0.0,0.0,0.0,0.0,0.0,0.0,0.0,0.0,0.0,0.0,0.0,0.0,0.0,0.0,0.0,0.18352002,0.0,0.0,0.0,0.0,0.0,0.0,0.0,0.0,0.0,0.0,0.0,0.0,0.0
149,0.0,0.0,0.0,0.0,0.0,0.0,0.0,0.0,0.0,0.0,0.0,0.0,0.0,0.0,0.0,0.0,0.0,0.0,0.0,0.24938726,0.0,0.0,0.0,0.0,0.0,0.039301693,0.0,0.0,0.0,0.0,0.3568787,0.0,0.0,0.0,0.74637395,0.07274586,0.0,0.0,0.0,0.0,0.0,0.0,0.0,0.0,0.0,0.0,0.0,0.0,0.0,0.020012677,0.0,0.0,0.0,0.0,0.0,0.0,0.18579674,0.0,0.0,0.0,0.0,0.0,0.0,0.0,0.0,0.0,0.0,0.0,1.7380192,0.008762717,0.20041528,0.0,0.0,0.0,0.0,0.0,0.0,0.0,0.0,0.0,0.24942899,0.0,0.0,0.0,0.0,0.0,0.48912483,0.0,0.0,0.0,0.070020854,0.0,0.0,0.0,0.0,0.0,0.0,0.0,0.47942823,0.0
272,0.0,0.0,0.0,0.0,0.0,0.0,0.0,0.0,0.0,0.0,0.0,0.0,0.0,0.0,0.0,0.0,0.0,0.0,0.0,0.0,0.0,0.0,0.0,0.0,0.0,0.0,0.0,0.0,0.0,0.0,0.0,0.0,0.0,0.0,0.49417847,0.0,0.0,0.0,0.0,0.0,0.0,0.0,0.0,0.0,0.0,0.0,0.0,0.0,0.0,0.0,0.0,0.0,0.0,0.0,0.0,0.0,0.0,0.0,0.0,0.0,0.0,0.0,0.0,0.0,0.0,0.0,0.0,0.0,1.3481569,0.0,0.0,0.0,0.0,0.0,0.0,0.0,0.0,0.0,0.0,0.0,0.0,0.0,0.0,0.0,0.0,0.0,0.10428804,0.0,0.0,0.0,0.0,0.0,0.0,0.0,0.0,0.0,0.0,0.0,0.13828248,0.0
298,0.0,0.0,0.0,0.0,0.0,0.0,0.0,0.0,0.0,0.0,0.0,0.0,0.0,0.0,0.0,0.0,0.0,0.0,0.0,0.0,0.0,0.0,0.0,0.0,0.0,0.0,0.0,0.0,0.0,0.0,0.24556506,0.0,0.0,0.0,0.0063120723,0.0,0.0,0.0,0.0,0.0,0.0,0.0,0.0,0.0,0.0,0.0,0.0,0.0,0.0,0.0,0.0,0.0,0.0,0.0,0.0,0.0,0.0,0.0,0.0,0.0,0.0,0.0,0.0,0.0,0.0,0.0,0.0,0.0,0.7673338,0.0,0.0,0.0,0.0,0.0,0.0,0.0,0.0,0.0,0.0,0.0,0.0,0.0,0.0,0.0,0.0,0.0,0.0,0.0,0.0,0.0,0.0,0.0,0.0,0.0,0.0,0.0,0.0,0.0,0.0,0.0
126,0.0,0.0,0.0,0.0,0.0,0.0,0.0,0.0,0.0,0.0,0.0,0.0,0.0,0.0,0.0,0.0,0.0,0.0,0.0,0.0,0.0,0.0,0.0,0.0,0.0,0.0,0.0,0.0,0.0,0.0,0.09496027,0.0,0.0,0.0,0.0,0.0,0.0,0.0,0.0,0.0,0.0,0.0,0.0,0.0,0.0,0.0,0.0,0.0,0.0,0.0,0.0,0.0,0.0,0.0,0.0,0.0,0.0,0.0,0.0,0.0,0.0,0.0,0.0,0.0,0.0,0.0,0.0,0.0,0.0,0.0,0.0,0.0,0.0,0.0,0.0,0.0,0.0,0.0,0.0,0.0,0.0,0.0,0.0,0.0,0.0,0.0,0.0,0.0,0.0,0.0,0.0,0.0,0.0,0.0,0.0,0.0,0.0,0.0,0.0,0.0
265,0.0,0.5429143,0.0,0.0,0.0,0.0,0.0,0.0,0.0,0.5596708,0.0,0.0,0.52120304,0.0,0.0,0.0,0.74182165,0.0,0.5272063,0.6873888,0.0,0.72441626,0.0,0.0,0.0,0.3630407,0.0,0.0,0.0,0.0,1.715029,0.0,0.4258077,0.0,1.5453782,0.4744962,0.0,0.6782796,0.7752667,0.0,0.0,0.7489474,0.0,0.0,0.0,0.0,0.0,0.0,0.0,0.8037576,0.0,0.0,0.0,0.0,0.6041381,0.0,0.6339562,0.0,0.0,0.0,0.0,0.0,0.0,0.0,0.0,0.0,0.0,0.0,1.2987792,0.6582581,0.4908425,0.0,0.0,0.0,0.0,0.0,0.0,0.0,0.0,0.0,0.40931475,0.0,0.0,0.0,0.0,0.0,1.0387213,0.74019283,0.0,0.0,0.64158875,0.0,0.0,0.0,0.49239507,0.49691746,0.0,0.0,0.93187565,0.7022946
108,0.0,0.019466728,0.0,0.0,0.0,0.0,0.0,0.0,0.0,0.0785726,0.0,0.0,0.05489087,0.0,0.0,0.0,0.15916991,0.0,0.004769802,0.21656251,0.0,0.17004895,0.0,0.0,0.0,0.08366454,0.0,0.0,0.0,0.0,0.85453266,0.0,0.018981218,0.0,1.0343537,0.0379619,0.0,0.101829946,0.117592275,0.0,0.0,0.18176055,0.0,0.0,0.0,0.0,0.0,0.0,0.0,0.2392779,0.0,0.0,0.0,0.0,0.065636456,0.0,0.17599797,0.0,0.0,0.0,0.0,0.0,0.0,0.0,0.0,0.0,0.0,0.0,1.289392,0.15521193,0.19299772,0.0,0.0,0.0,0.0,0.0,0.0,0.0,0.0,0.0,0.17564428,0.0,0.0,0.0,0.0,0.0,0.5119081,0.1866278,0.0,0.0,0.1529612,0.0,0.0,0.0,0.042856008,0.0781568,0.0,0.0,0.5554108,0.09178054
103,0.0,0.0,0.0,0.0,0.0,0.0,0.0,0.0,0.0,0.0,0.0,0.0,0.0,0.0,0.0,0.0,0.0,0.0,0.0,0.0,0.0,0.0,0.0,0.0,0.0,0.0,0.0,0.0,0.0,0.0,0.22791415,0.0,0.0,0.0,0.4395463,0.0,0.0,0.0,0.0,0.0,0.0,0.0,0.0,0.0,0.0,0.0,0.0,0.0,0.0,0.0,0.0,0.0,0.0,0.0,0.0,0.0,0.0,0.0,0.0,0.0,0.0,0.0,0.0,0.0,0.0,0.0,0.0,0.0,0.6802903,0.0,0.0,0.0,0.0,0.0,0.0,0.0,0.0,0.0,0.0,0.0,0.0,0.0,0.0,0.0,0.0,0.0,0.0,0.0,0.0,0.0,0.0,0.0,0.0,0.0,0.0,0.0,0.0,0.0,0.0,0.0
136,0.0,0.08807978,0.0,0.0,0.0,0.0,0.0,0.0,0.0,0.14527425,0.0,0.0,0.10051608,0.0,0.0,0.0,0.2159003,0.0,0.0932945,0.20027435,0.0,0.24291492,0.0,0.0,0.0,0.046973407,0.0,0.0,0.0,0.0,1.3481972,0.0,0.054017544,0.0,1.0838048,0.0288015,0.0,0.18165988,0.3051601,0.0,0.0,0.25395477,0.0,0.0,0.0,0.0,0.0,0.0,0.0,0.37375027,0.0,0.0,0.0,0.0,0.13984662,0.0,0.18058372,0.0,0.0,0.0,0.0,0.0,0.0,0.0,0.0,0.0,0.0,0.0,0.95771986,0.20213544,0.14926103,0.0,0.0,0.0,0.0,0.0,0.0,0.0,0.0,0.0,0.052939773,0.0,0.0,0.0,0.0,0.0,0.6325069,0.30877906,0.0,0.0,0.20132154,0.0,0.0,0.0,0.09557524,0.10193798,0.0,0.0,0.39523727,0.1809833
57,0.0,0.0,0.0,0.0,0.0,0.0,0.0,0.0,0.0,0.0,0.0,0.0,0.0,0.0,0.0,0.0,0.0,0.0,0.0,0.0,0.0,0.0,0.0,0.0,0.0,0.0,0.0,0.0,0.0,0.0,0.0,0.0,0.0,0.0,0.0,0.0,0.0,0.0,0.0,0.0,0.0,0.0,0.0,0.0,0.0,0.0,0.0,0.0,0.0,0.0,0.0,0.0,0.0,0.0,0.0,0.0,0.0,0.0,0.0,0.0,0.0,0.0,0.0,0.0,0.0,0.0,0.0,0.0,0.37182355,0.0,0.0,0.0,0.0,0.0,0.0,0.0,0.0,0.0,0.0,0.0,0.0,0.0,0.0,0.0,0.0,0.0,0.0,0.0,0.0,0.0,0.0,0.0,0.0,0.0,0.0,0.0,0.0,0.0,0.0,0.0
161,0.0,0.0,0.0,0.0,0.0,0.0,0.0,0.0,0.0,0.0,0.0,0.0,0.0,0.0,0.0,0.0,0.0,0.0,0.0,0.0,0.0,0.0,0.0,0.0,0.0,0.0,0.0,0.0,0.0,0.0,0.92695934,0.0,0.0,0.0,0.87093323,0.0,0.0,0.0,0.0,0.0,0.0,0.0,0.0,0.0,0.0,0.0,0.0,0.0,0.0,0.0,0.0,0.0,0.0,0.0,0.0,0.0,0.0,0.0,0.0,0.0,0.0,0.0,0.0,0.0,0.0,0.0,0.0,0.0,0.49250633,0.0,0.0,0.0,0.0,0.0,0.0,0.0,0.0,0.0,0.0,0.0,0.0,0.0,0.0,0.0,0.0,0.0,0.14290255,0.0,0.0,0.0,0.0,0.0,0.0,0.0,0.0,0.0,0.0,0.0,0.019343197,0.0
75,0.0,0.0,0.0,0.0,0.0,0.0,0.0,0.0,0.0,0.0,0.0,0.0,0.0,0.0,0.0,0.0,0.0,0.0,0.0,0.0,0.0,0.0,0.0,0.0,0.0,0.0,0.0,0.0,0.0,0.0,0.0826419,0.0,0.0,0.0,0.58902377,0.0,0.0,0.0,0.0,0.0,0.0,0.0,0.0,0.0,0.0,0.0,0.0,0.0,0.0,0.0,0.0,0.0,0.0,0.0,0.0,0.0,0.0,0.0,0.0,0.0,0.0,0.0,0.0,0.0,0.0,0.0,0.0,0.0,0.52084,0.0,0.0,0.0,0.0,0.0,0.0,0.0,0.0,0.0,0.0,0.0,0.0,0.0,0.0,0.0,0.0,0.0,0.0,0.0,0.0,0.0,0.0,0.0,0.0,0.0,0.0,0.0,0.0,0.0,0.0676294,0.0
190,0.0,0.0,0.0,0.0,0.0,0.0,0.0,0.0,0.0,0.0,0.0,0.0,0.0,0.0,0.0,0.0,0.0,0.0,0.0,0.0,0.0,0.0,0.0,0.0,0.0,0.0,0.0,0.0,0.0,0.0,0.6432349,0.0,0.0,0.0,0.9971852,0.0,0.0,0.0,0.0,0.0,0.0,0.0,0.0,0.0,0.0,0.0,0.0,0.0,0.0,0.0,0.0,0.0,0.0,0.0,0.0,0.0,0.0,0.0,0.0,0.0,0.0,0.0,0.0,0.0,0.0,0.0,0.0,0.0,1.002481,0.0071891546,0.0,0.0,0.0,0.0,0.0,0.0,0.0,0.0,0.0,0.0,0.0,0.0,0.0,0.0,0.0,0.0,0.27914077,0.07421577,0.0,0.0,0.0,0.0,0.0,0.0,0.0,0.0,0.0,0.0,0.3725415,0.0
30,0.0,0.0,0.0,0.0,0.0,0.0,0.0,0.0,0.0,0.0,0.0,0.0,0.0,0.0,0.0,0.0,0.0,0.0,0.0,0.0,0.0,0.0,0.0,0.0,0.0,0.0,0.0,0.0,0.0,0.0,0.2538163,0.0,0.0,0.0,0.0,0.0,0.0,0.0,0.0,0.0,0.0,0.0,0.0,0.0,0.0,0.0,0.0,0.0,0.0,0.0,0.0,0.0,0.0,0.0,0.0,0.0,0.0,0.0,0.0,0.0,0.0,0.0,0.0,0.0,0.0,0.0,0.0,0.0,0.8337328,0.0,0.0,0.0,0.0,0.0,0.0,0.0,0.0,0.0,0.0,0.0,0.0,0.0,0.0,0.0,0.0,0.0,0.0,0.0,0.0,0.0,0.0,0.0,0.0,0.0,0.0,0.0,0.0,0.0,0.0,0.0
292,0.0,0.21411023,0.0,0.0,0.0,0.0,0.0,0.0,0.0,0.27563426,0.0,0.0,0.23304343,0.0,0.0,0.0,0.3602016,0.0,0.18285346,0.48349786,0.0,0.40910602,0.0,0.0,0.0,0.25245368,0.0,0.0,0.0,0.0,1.1643033,0.0,0.18168402,0.0,1.2661083,0.24756974,0.0,0.33014566,0.33779043,0.0,0.0,0.40147972,0.0,0.0,0.0,0.0,0.0,0.0,0.0,0.4709248,0.0,0.0,0.0,0.0,0.28947765,0.0,0.4113376,0.0,0.0,0.0,0.0,0.0,0.0,0.0,0.0,0.0,0.0,0.0,1.5388811,0.33499002,0.3645555,0.0,0.0,0.0,0.0,0.0,0.0,0.0,0.0,0.0,0.37808895,0.0,0.0,0.0,0.0,0.0,0.78788525,0.38533217,0.0,0.0,0.3617249,0.0,0.0,0.0,0.2048581,0.24371204,0.0,0.0,0.7627272,0.34578252
286,0.0,0.0,0.0,0.0,0.0,0.0,0.0,0.0,0.0,0.0,0.0,0.0,0.0,0.0,0.0,0.0,0.0,0.0,0.0,0.0,0.0,0.0,0.0,0.0,0.0,0.0,0.0,0.0,0.0,0.0,0.41236144,0.0,0.0,0.0,0.55233926,0.0,0.0,0.0,0.0,0.0,0.0,0.0,0.0,0.0,0.0,0.0,0.0,0.0,0.0,0.0,0.0,0.0,0.0,0.0,0.0,0.0,0.0,0.0,0.0,0.0,0.0,0.0,0.0,0.0,0.0,0.0,0.0,0.0,0.80795914,0.0,0.0,0.0,0.0,0.0,0.0,0.0,0.0,0.0,0.0,0.0,0.0,0.0,0.0,0.0,0.0,0.0,0.0,0.0,0.0,0.0,0.0,0.0,0.0,0.0,0.0,0.0,0.0,0.0,0.0,0.0
42,0.0,0.0,0.0,0.0,0.0,0.0,0.0,0.0,0.0,0.0,0.0,0.0,0.0,0.0,0.0,0.0,0.0,0.0,0.0,0.0,0.0,0.0,0.0,0.0,0.0,0.0,0.0,0.0,0.0,0.0,0.0,0.0,0.0,0.0,0.0,0.0,0.0,0.0,0.0,0.0,0.0,0.0,0.0,0.0,0.0,0.0,0.0,0.0,0.0,0.0,0.0,0.0,0.0,0.0,0.0,0.0,0.0,0.0,0.0,0.0,0.0,0.0,0.0,0.0,0.0,0.0,0.0,0.0,0.052662373,0.0,0.0,0.0,0.0,0.0,0.0,0.0,0.0,0.0,0.0,0.0,0.0,0.0,0.0,0.0,0.0,0.0,0.0,0.0,0.0,0.0,0.0,0.0,0.0,0.0,0.0,0.0,0.0,0.0,0.0,0.0
237,0.0,0.47533354,0.0,0.0,0.0,0.0,0.0,0.0,0.0,0.54415905,0.0,0.0,0.41677046,0.0,0.0,0.0,0.6331023,0.0,0.42822206,0.6142398,0.0,0.64541066,0.0,0.0,0.0,0.3532318,0.0,0.0,0.0,0.0,1.737849,0.0,0.35619974,0.0,1.3378127,0.34368843,0.0,0.57027906,0.70083565,0.0,0.0,0.67188025,0.0,0.0,0.0,0.0,0.0,0.0,0.0,0.84039706,0.0,0.0,0.0,0.0,0.52368945,0.0,0.57443655,0.0,0.0,0.0,0.0,0.0,0.0,0.0,0.0,0.0,0.0,0.0,1.3506334,0.49066055,0.5180367,0.0,0.0,0.0,0.0,0.0,0.0,0.0,0.0,0.0,0.38302934,0.0,0.0,0.0,0.0,0.0,1.0238364,0.5820504,0.0,0.0,0.6320109,0.0,0.0,0.0,0.35521844,0.39615044,0.0,0.0,0.7342302,0.60311604
227,0.0,0.0,0.0,0.0,0.0,0.0,0.0,0.0,0.0,0.0,0.0,0.0,0.0,0.0,0.0,0.0,0.0,0.0,0.0,0.0,0.0,0.0,0.0,0.0,0.0,0.0,0.0,0.0,0.0,0.0,0.48461252,0.0,0.0,0.0,0.14819771,0.0,0.0,0.0,0.0,0.0,0.0,0.0,0.0,0.0,0.0,0.0,0.0,0.0,0.0,0.0,0.0,0.0,0.0,0.0,0.0,0.0,0.0,0.0,0.0,0.0,0.0,0.0,0.0,0.0,0.0,0.0,0.0,0.0,0.1324302,0.0,0.0,0.0,0.0,0.0,0.0,0.0,0.0,0.0,0.0,0.0,0.0,0.0,0.0,0.0,0.0,0.0,0.0,0.0,0.0,0.0,0.0,0.0,0.0,0.0,0.0,0.0,0.0,0.0,0.0,0.0
122,0.0,0.09075031,0.0,0.0,0.0,0.0,0.0,0.0,0.0,0.13194296,0.0,0.0,0.11064708,0.0,0.0,0.0,0.16086471,0.0,0.12881458,0.33972275,0.0,0.15755963,0.0,0.0,0.0,0.09954345,0.0,0.0,0.0,0.0,1.0241127,0.0,0.07966995,0.0,0.95135325,0.14373332,0.0,0.15557069,0.17023891,0.0,0.0,0.15279436,0.0,0.0,0.0,0.0,0.0,0.0,0.0,0.31604296,0.0,0.0,0.0,0.0,0.1225844,0.0,0.28329635,0.0,0.0,0.0,0.0,0.0,0.0,0.0,0.0,0.0,0.0,0.0,1.4287374,0.16874325,0.24940303,0.0,0.0,0.0,0.0,0.0,0.0,0.0,0.0,0.0,0.2133125,0.0,0.0,0.0,0.0,0.0,0.7011004,0.21892059,0.0,0.0,0.24042815,0.0,0.0,0.0,0.12158981,0.09888086,0.0,0.0,0.45839423,0.18240428
134,0.0,0.0,0.0,0.0,0.0,0.0,0.0,0.0,0.0,0.0,0.0,0.0,0.0,0.0,0.0,0.0,0.0,0.0,0.0,0.0,0.0,0.0,0.0,0.0,0.0,0.0,0.0,0.0,0.0,0.0,1.0975497,0.0,0.0,0.0,0.84588176,0.0,0.0,0.0,0.015066564,0.0,0.0,0.0,0.0,0.0,0.0,0.0,0.0,0.0,0.0,0.072656095,0.0,0.0,0.0,0.0,0.0,0.0,0.0,0.0,0.0,0.0,0.0,0.0,0.0,0.0,0.0,0.0,0.0,0.0,0.7140792,0.0,0.0,0.0,0.0,0.0,0.0,0.0,0.0,0.0,0.0,0.0,0.0,0.0,0.0,0.0,0.0,0.0,0.368823,0.074248016,0.0,0.0,0.0,0.0,0.0,0.0,0.0,0.0,0.0,0.0,0.10264248,0.0
257,0.0,0.0,0.0,0.0,0.0,0.0,0.0,0.0,0.0,0.0,0.0,0.0,0.0,0.0,0.0,0.0,0.0,0.0,0.0,0.0,0.0,0.0,0.0,0.0,0.0,0.0,0.0,0.0,0.0,0.0,0.7124396,0.0,0.0,0.0,0.5936863,0.0,0.0,0.0,0.0,0.0,0.0,0.0,0.0,0.0,0.0,0.0,0.0,0.0,0.0,0.0,0.0,0.0,0.0,0.0,0.0,0.0,0.0,0.0,0.0,0.0,0.0,0.0,0.0,0.0,0.0,0.0,0.0,0.0,0.32421678,0.0,0.0,0.0,0.0,0.0,0.0,0.0,0.0,0.0,0.0,0.0,0.0,0.0,0.0,0.0,0.0,0.0,0.0,0.0,0.0,0.0,0.0,0.0,0.0,0.0,0.0,0.0,0.0,0.0,0.0,0.0
98,0.0,0.0,0.0,0.0,0.0,0.0,0.0,0.0,0.0,0.0,0.0,0.0,0.0,0.0,0.0,0.0,0.0,0.0,0.0,0.0,0.0,0.0,0.0,0.0,0.0,0.0,0.0,0.0,0.0,0.0,0.0,0.0,0.0,0.0,0.0,0.0,0.0,0.0,0.0,0.0,0.0,0.0,0.0,0.0,0.0,0.0,0.0,0.0,0.0,0.0,0.0,0.0,0.0,0.0,0.0,0.0,0.0,0.0,0.0,0.0,0.0,0.0,0.0,0.0,0.0,0.0,0.0,0.0,0.07118875,0.0,0.0,0.0,0.0,0.0,0.0,0.0,0.0,0.0,0.0,0.0,0.0,0.0,0.0,0.0,0.0,0.0,0.0,0.0,0.0,0.0,0.0,0.0,0.0,0.0,0.0,0.0,0.0,0.0,0.0,0.0
289,0.0,0.0,0.0,0.0,0.0,0.0,0.0,0.0,0.0,0.0,0.0,0.0,0.0,0.0,0.0,0.0,0.0,0.0,0.0,0.034394026,0.0,0.0,0.0,0.0,0.0,0.0,0.0,0.0,0.0,0.0,0.7883323,0.0,0.0,0.0,0.90922374,0.0,0.0,0.0,0.0,0.0,0.0,0.0,0.0,0.0,0.0,0.0,0.0,0.0,0.0,0.019283473,0.0,0.0,0.0,0.0,0.0,0.0,0.0,0.0,0.0,0.0,0.0,0.0,0.0,0.0,0.0,0.0,0.0,0.0,1.17342,0.0,0.0074131787,0.0,0.0,0.0,0.0,0.0,0.0,0.0,0.0,0.0,0.03424847,0.0,0.0,0.0,0.0,0.0,0.3923592,0.03353554,0.0,0.0,0.0,0.0,0.0,0.0,0.0,0.0,0.0,0.0,0.32383507,0.0
94,0.0,0.0,0.0,0.0,0.0,0.0,0.0,0.0,0.0,0.07643232,0.0,0.0,0.013419986,0.0,0.0,0.0,0.0,0.0,0.06215501,0.3576659,0.0,0.04755807,0.0,0.0,0.0,0.07556832,0.0,0.0,0.0,0.0,1.1515455,0.0,0.012629271,0.0,0.7818151,0.09939164,0.0,0.0436911,0.080037415,0.0,0.0,0.0,0.0,0.0,0.0,0.0,0.0,0.0,0.0,0.30657345,0.0,0.0,0.0,0.0,0.049446642,0.0,0.26368225,0.0,0.0,0.0,0.0,0.0,0.0,0.0,0.0,0.0,0.0,0.0,1.6140497,0.0024222136,0.23863772,0.0,0.0,0.0,0.0,0.0,0.0,0.0,0.0,0.0,0.22556436,0.0,0.0,0.0,0.0,0.0,0.8162803,0.11194271,0.0,0.0,0.19767123,0.0,0.0,0.0,0.030506045,0.0,0.0,0.0,0.2224719,0.11754358
303,0.0,0.0134982765,0.0,0.0,0.0,0.0,0.0,0.0,0.0,0.08660731,0.0,0.0,0.0,0.0,0.0,0.0,0.048577785,0.0,0.03160143,0.18072164,0.0,0.0,0.0,0.0,0.0,0.03588116,0.0,0.0,0.0,0.0,0.8721836,0.0,0.0,0.0,0.6011197,0.0,0.0,0.004036486,0.041045487,0.0,0.0,0.025331855,0.0,0.0,0.0,0.0,0.0,0.0,0.0,0.30227047,0.0,0.0,0.0,0.0,0.0,0.0,0.17473435,0.0,0.0,0.0,0.0,0.0,0.0,0.0,0.0,0.0,0.0,0.0,1.3764353,0.0,0.25842097,0.0,0.0,0.0,0.0,0.0,0.0,0.0,0.0,0.0,0.10701668,0.0,0.0,0.0,0.0,0.0,0.5790457,0.0,0.0,0.0,0.21537715,0.0,0.0,0.0,0.0,0.0,0.0,0.0,0.20027012,0.020533085
155,0.0,0.0,0.0,0.0,0.0,0.0,0.0,0.0,0.0,0.0,0.0,0.0,0.0,0.0,0.0,0.0,0.0,0.0,0.0,0.0,0.0,0.0,0.0,0.0,0.0,0.0,0.0,0.0,0.0,0.0,0.17501724,0.0,0.0,0.0,0.15716422,0.0,0.0,0.0,0.0,0.0,0.0,0.0,0.0,0.0,0.0,0.0,0.0,0.0,0.0,0.0,0.0,0.0,0.0,0.0,0.0,0.0,0.0,0.0,0.0,0.0,0.0,0.0,0.0,0.0,0.0,0.0,0.0,0.0,0.0,0.0,0.0,0.0,0.0,0.0,0.0,0.0,0.0,0.0,0.0,0.0,0.0,0.0,0.0,0.0,0.0,0.0,0.0,0.0,0.0,0.0,0.0,0.0,0.0,0.0,0.0,0.0,0.0,0.0,0.0,0.0
89,0.0,0.0,0.0,0.0,0.0,0.0,0.0,0.0,0.0,0.0,0.0,0.0,0.0,0.0,0.0,0.0,0.0,0.0,0.0,0.0,0.0,0.0,0.0,0.0,0.0,0.0,0.0,0.0,0.0,0.0,0.5249271,0.0,0.0,0.0,0.1870076,0.0,0.0,0.0,0.0,0.0,0.0,0.0,0.0,0.0,0.0,0.0,0.0,0.0,0.0,0.0,0.0,0.0,0.0,0.0,0.0,0.0,0.0,0.0,0.0,0.0,0.0,0.0,0.0,0.0,0.0,0.0,0.0,0.0,1.0049481,0.0,0.0,0.0,0.0,0.0,0.0,0.0,0.0,0.0,0.0,0.0,0.0,0.0,0.0,0.0,0.0,0.0,0.15707058,0.0,0.0,0.0,0.0,0.0,0.0,0.0,0.0,0.0,0.0,0.0,0.0,0.0
151,0.0,0.1802493,0.0,0.0,0.0,0.0,0.0,0.0,0.0,0.20308349,0.0,0.0,0.204543,0.0,0.0,0.0,0.2635182,0.0,0.20045352,0.54878974,0.0,0.20953608,0.0,0.0,0.0,0.24777436,0.0,0.0,0.0,0.0,0.60752624,0.0,0.17478812,0.0,0.984297,0.3246476,0.0,0.23914915,0.101171434,0.0,0.0,0.21126854,0.0,0.0,0.0,0.0,0.0,0.0,0.0,0.32110697,0.0,0.0,0.0,0.0,0.19530326,0.0,0.46698022,0.0,0.0,0.0,0.0,0.0,0.0,0.0,0.0,0.0,0.0,0.0,1.9816599,0.25631225,0.4385102,0.0,0.0,0.0,0.0,0.0,0.0,0.0,0.0,0.0,0.47865593,0.0,0.0,0.0,0.0,0.0,0.75280875,0.19985932,0.0,0.0,0.36130637,0.0,0.0,0.0,0.20483223,0.18734047,0.0,0.0,0.77202314,0.26594877
34,0.0,0.0,0.0,0.0,0.0,0.0,0.0,0.0,0.0,0.0,0.0,0.0,0.0,0.0,0.0,0.0,0.0,0.0,0.0,0.0,0.0,0.0,0.0,0.0,0.0,0.0,0.0,0.0,0.0,0.0,0.75511116,0.0,0.0,0.0,0.037190616,0.0,0.0,0.0,0.0,0.0,0.0,0.0,0.0,0.0,0.0,0.0,0.0,0.0,0.0,0.0,0.0,0.0,0.0,0.0,0.0,0.0,0.0,0.0,0.0,0.0,0.0,0.0,0.0,0.0,0.0,0.0,0.0,0.0,1.3210142,0.0,0.0,0.0,0.0,0.0,0.0,0.0,0.0,0.0,0.0,0.0,0.0,0.0,0.0,0.0,0.0,0.0,0.43147475,0.0,0.0,0.0,0.0,0.0,0.0,0.0,0.0,0.0,0.0,0.0,0.0,0.0
72,0.0,0.0,0.0,0.0,0.0,0.0,0.0,0.0,0.0,0.0,0.0,0.0,0.0,0.0,0.0,0.0,0.0,0.0,0.0,0.0,0.0,0.0,0.0,0.0,0.0,0.0,0.0,0.0,0.0,0.0,0.0,0.0,0.0,0.0,0.23213929,0.0,0.0,0.0,0.0,0.0,0.0,0.0,0.0,0.0,0.0,0.0,0.0,0.0,0.0,0.0,0.0,0.0,0.0,0.0,0.0,0.0,0.0,0.0,0.0,0.0,0.0,0.0,0.0,0.0,0.0,0.0,0.0,0.0,0.15537894,0.0,0.0,0.0,0.0,0.0,0.0,0.0,0.0,0.0,0.0,0.0,0.0,0.0,0.0,0.0,0.0,0.0,0.0,0.0,0.0,0.0,0.0,0.0,0.0,0.0,0.0,0.0,0.0,0.0,0.0,0.0
281,0.0,0.0,0.0,0.0,0.0,0.0,0.0,0.0,0.0,0.0,0.0,0.0,0.0,0.0,0.0,0.0,0.0,0.0,0.0,0.0,0.0,0.0,0.0,0.0,0.0,0.0,0.0,0.0,0.0,0.0,0.0,0.0,0.0,0.0,0.0,0.0,0.0,0.0,0.0,0.0,0.0,0.0,0.0,0.0,0.0,0.0,0.0,0.0,0.0,0.0,0.0,0.0,0.0,0.0,0.0,0.0,0.0,0.0,0.0,0.0,0.0,0.0,0.0,0.0,0.0,0.0,0.0,0.0,0.1988576,0.0,0.0,0.0,0.0,0.0,0.0,0.0,0.0,0.0,0.0,0.0,0.0,0.0,0.0,0.0,0.0,0.0,0.0,0.0,0.0,0.0,0.0,0.0,0.0,0.0,0.0,0.0,0.0,0.0,0.0,0.0
214,0.0,0.0,0.0,0.0,0.0,0.0,0.0,0.0,0.0,0.0,0.0,0.0,0.0,0.0,0.0,0.0,0.0,0.0,0.0,0.0,0.0,0.0,0.0,0.0,0.0,0.0,0.0,0.0,0.0,0.0,0.0,0.0,0.0,0.0,0.5573748,0.0,0.0,0.0,0.0,0.0,0.0,0.0,0.0,0.0,0.0,0.0,0.0,0.0,0.0,0.0,0.0,0.0,0.0,0.0,0.0,0.0,0.0,0.0,0.0,0.0,0.0,0.0,0.0,0.0,0.0,0.0,0.0,0.0,0.3760535,0.0,0.0,0.0,0.0,0.0,0.0,0.0,0.0,0.0,0.0,0.0,0.0,0.0,0.0,0.0,0.0,0.0,0.0,0.0,0.0,0.0,0.0,0.0,0.0,0.0,0.0,0.0,0.0,0.0,0.0,0.0
290,0.0,0.0,0.0,0.0,0.0,0.0,0.0,0.0,0.0,0.0029473007,0.0,0.0,0.0,0.0,0.0,0.0,0.04448557,0.0,0.0,0.18409514,0.0,0.113043785,0.0,0.0,0.0,0.043981075,0.0,0.0,0.0,0.0,0.91365606,0.0,0.0,0.0,1.0281851,0.0,0.0,0.03553492,0.047697008,0.0,0.0,0.09525108,0.0,0.0,0.0,0.0,0.0,0.0,0.0,0.1698305,0.0,0.0,0.0,0.0,0.006395161,0.0,0.1301539,0.0,0.0,0.0,0.0,0.0,0.0,0.0,0.0,0.0,0.0,0.0,1.2952404,0.08744037,0.1264607,0.0,0.0,0.0,0.0,0.0,0.0,0.0,0.0,0.0,0.148862,0.0,0.0,0.0,0.0,0.0,0.5242012,0.15080112,0.0,0.0,0.07043916,0.0,0.0,0.0,0.0,0.012940258,0.0,0.0,0.47013253,0.031487703
111,0.0,0.4414166,0.0,0.0,0.0,0.0,0.0,0.0,0.0,0.48760304,0.0,0.0,0.42327368,0.0,0.0,0.0,0.63274384,0.0,0.38853908,0.66566634,0.0,0.61414194,0.0,0.0,0.0,0.3963734,0.0,0.0,0.0,0.0,1.2305036,0.0,0.35625315,0.0,1.3912382,0.41581446,0.0,0.5437457,0.5527324,0.0,0.0,0.64110327,0.0,0.0,0.0,0.0,0.0,0.0,0.0,0.690919,0.0,0.0,0.0,0.0,0.49025995,0.0,0.5977733,0.0,0.0,0.0,0.0,0.0,0.0,0.0,0.0,0.0,0.0,0.0,1.6548529,0.5265361,0.5501399,0.0,0.0,0.0,0.0,0.0,0.0,0.0,0.0,0.0,0.51948464,0.0,0.0,0.0,0.0,0.0,0.9074338,0.5384242,0.0,0.0,0.58988947,0.0,0.0,0.0,0.36943725,0.4243141,0.0,0.0,0.9943029,0.5632225
12,0.0,0.3399659,0.0,0.0,0.0,0.0,0.0,0.0,0.0,0.37677512,0.0,0.0,0.3313812,0.0,0.0,0.0,0.4763112,0.0,0.32954586,0.5825865,0.0,0.45417798,0.0,0.0,0.0,0.2977103,0.0,0.0,0.0,0.0,1.1948774,0.0,0.27684498,0.0,1.2239356,0.35024363,0.0,0.4289319,0.42982584,0.0,0.0,0.46867585,0.0,0.0,0.0,0.0,0.0,0.0,0.0,0.5760769,0.0,0.0,0.0,0.0,0.37788504,0.0,0.5206375,0.0,0.0,0.0,0.0,0.0,0.0,0.0,0.0,0.0,0.0,0.0,1.6083443,0.41315103,0.46064523,0.0,0.0,0.0,0.0,0.0,0.0,0.0,0.0,0.0,0.42191827,0.0,0.0,0.0,0.0,0.0,0.88092965,0.4353934,0.0,0.0,0.49185067,0.0,0.0,0.0,0.30607536,0.3151135,0.0,0.0,0.7941827,0.45454907
87,0.0,0.0,0.0,0.0,0.0,0.0,0.0,0.0,0.0,0.0,0.0,0.0,0.0,0.0,0.0,0.0,0.0,0.0,0.0,0.0,0.0,0.0,0.0,0.0,0.0,0.0,0.0,0.0,0.0,0.0,0.27427977,0.0,0.0,0.0,0.0,0.0,0.0,0.0,0.0,0.0,0.0,0.0,0.0,0.0,0.0,0.0,0.0,0.0,0.0,0.0,0.0,0.0,0.0,0.0,0.0,0.0,0.0,0.0,0.0,0.0,0.0,0.0,0.0,0.0,0.0,0.0,0.0,0.0,0.76130754,0.0,0.0,0.0,0.0,0.0,0.0,0.0,0.0,0.0,0.0,0.0,0.0,0.0,0.0,0.0,0.0,0.0,0.0,0.0,0.0,0.0,0.0,0.0,0.0,0.0,0.0,0.0,0.0,0.0,0.0,0.0
236,0.0,0.33468375,0.0,0.0,0.0,0.0,0.0,0.0,0.0,0.40781555,0.0,0.0,0.2939763,0.0,0.0,0.0,0.4752444,0.0,0.30029905,0.4645387,0.0,0.4973799,0.0,0.0,0.0,0.24899554,0.0,0.0,0.0,0.0,1.6125255,0.0,0.24377584,0.0,1.2188513,0.21773762,0.0,0.42297405,0.55578893,0.0,0.0,0.51876616,0.0,0.0,0.0,0.0,0.0,0.0,0.0,0.6898503,0.0,0.0,0.0,0.0,0.38214844,0.0,0.43384492,0.0,0.0,0.0,0.0,0.0,0.0,0.0,0.0,0.0,0.0,0.0,1.2288132,0.36688602,0.39898935,0.0,0.0,0.0,0.0,0.0,0.0,0.0,0.0,0.0,0.2684158,0.0,0.0,0.0,0.0,0.0,0.8919948,0.46478504,0.0,0.0,0.48636836,0.0,0.0,0.0,0.24635807,0.2807649,0.0,0.0,0.58793277,0.44596887
96,0.0,0.27967378,0.0,0.0,0.0,0.0,0.0,0.0,0.0,0.34911928,0.0,0.0,0.25900865,0.0,0.0,0.0,0.2842765,0.0,0.31800127,0.6570686,0.0,0.3436203,0.0,0.0,0.0,0.28404093,0.0,0.0,0.0,0.0,1.4021928,0.0,0.2374773,0.0,1.0197382,0.35129327,0.0,0.33830184,0.37013084,0.0,0.0,0.30103445,0.0,0.0,0.0,0.0,0.0,0.0,0.0,0.60766774,0.0,0.0,0.0,0.0,0.33252913,0.0,0.54486597,0.0,0.0,0.0,0.0,0.0,0.0,0.0,0.0,0.0,0.0,0.0,1.8576903,0.24997187,0.47673252,0.0,0.0,0.0,0.0,0.0,0.0,0.0,0.0,0.0,0.4547913,0.0,0.0,0.0,0.0,0.0,1.0799644,0.34647375,0.0,0.0,0.488957,0.0,0.0,0.0,0.24822691,0.23070285,0.0,0.0,0.51506656,0.4318384
168,0.0,0.0,0.0,0.0,0.0,0.0,0.0,0.0,0.0,0.0,0.0,0.0,0.0,0.0,0.0,0.0,0.0,0.0,0.0,0.0,0.0,0.0,0.0,0.0,0.0,0.0,0.0,0.0,0.0,0.0,0.0,0.0,0.0,0.0,0.0,0.0,0.0,0.0,0.0,0.0,0.0,0.0,0.0,0.0,0.0,0.0,0.0,0.0,0.0,0.0,0.0,0.0,0.0,0.0,0.0,0.0,0.0,0.0,0.0,0.0,0.0,0.0,0.0,0.0,0.0,0.0,0.0,0.0,0.5418839,0.0,0.0,0.0,0.0,0.0,0.0,0.0,0.0,0.0,0.0,0.0,0.0,0.0,0.0,0.0,0.0,0.0,0.0,0.0,0.0,0.0,0.0,0.0,0.0,0.0,0.0,0.0,0.0,0.0,0.0,0.0
41,0.0,0.5168488,0.0,0.0,0.0,0.0,0.0,0.0,0.0,0.6137464,0.0,0.0,0.40639877,0.0,0.0,0.0,0.4632628,0.0,0.5491512,0.89280486,0.0,0.4776771,0.0,0.0,0.0,0.44868898,0.0,0.0,0.0,0.0,1.6323767,0.0,0.40921474,0.0,0.869921,0.49235958,0.0,0.49470776,0.5817905,0.0,0.0,0.45510757,0.0,0.0,0.0,0.0,0.0,0.0,0.0,0.9568564,0.0,0.0,0.0,0.0,0.51917344,0.0,0.76875067,0.0,0.0,0.0,0.0,0.0,0.0,0.0,0.0,0.0,0.0,0.0,2.1737564,0.28970528,0.75665605,0.0,0.0,0.0,0.0,0.0,0.0,0.0,0.0,0.0,0.6250621,0.0,0.0,0.0,0.0,0.0,1.354368,0.3850593,0.0,0.0,0.8005342,0.0,0.0,0.0,0.35278836,0.35425374,0.0,0.0,0.48110956,0.6462233
63,0.0,0.0,0.0,0.0,0.0,0.0,0.0,0.0,0.0,0.0,0.0,0.0,0.0,0.0,0.0,0.0,0.0,0.0,0.0,0.0,0.0,0.0,0.0,0.0,0.0,0.0,0.0,0.0,0.0,0.0,0.57784134,0.0,0.0,0.0,0.4720499,0.0,0.0,0.0,0.0,0.0,0.0,0.0,0.0,0.0,0.0,0.0,0.0,0.0,0.0,0.0,0.0,0.0,0.0,0.0,0.0,0.0,0.0,0.0,0.0,0.0,0.0,0.0,0.0,0.0,0.0,0.0,0.0,0.0,1.1027455,0.0,0.0,0.0,0.0,0.0,0.0,0.0,0.0,0.0,0.0,0.0,0.0,0.0,0.0,0.0,0.0,0.0,0.30250412,0.0,0.0,0.0,0.0,0.0,0.0,0.0,0.0,0.0,0.0,0.0,0.016821325,0.0
159,0.0,0.0,0.0,0.0,0.0,0.0,0.0,0.0,0.0,0.0,0.0,0.0,0.0,0.0,0.0,0.0,0.0,0.0,0.0,0.0,0.0,0.0,0.0,0.0,0.0,0.0,0.0,0.0,0.0,0.0,0.676312,0.0,0.0,0.0,0.6330103,0.0,0.0,0.0,0.0,0.0,0.0,0.0,0.0,0.0,0.0,0.0,0.0,0.0,0.0,0.0,0.0,0.0,0.0,0.0,0.0,0.0,0.0,0.0,0.0,0.0,0.0,0.0,0.0,0.0,0.0,0.0,0.0,0.0,0.24886572,0.0,0.0,0.0,0.0,0.0,0.0,0.0,0.0,0.0,0.0,0.0,0.0,0.0,0.0,0.0,0.0,0.0,0.0,0.0,0.0,0.0,0.0,0.0,0.0,0.0,0.0,0.0,0.0,0.0,0.0,0.0
13,0.0,0.4806157,0.0,0.0,0.0,0.0,0.0,0.0,0.0,0.5131186,0.0,0.0,0.45417535,0.0,0.0,0.0,0.6341691,0.0,0.45746887,0.73228765,0.0,0.60220873,0.0,0.0,0.0,0.40194654,0.0,0.0,0.0,0.0,1.3202009,0.0,0.38926888,0.0,1.3428969,0.47619444,0.0,0.5762369,0.57487255,0.0,0.0,0.62178993,0.0,0.0,0.0,0.0,0.0,0.0,0.0,0.7266237,0.0,0.0,0.0,0.0,0.51942605,0.0,0.66122913,0.0,0.0,0.0,0.0,0.0,0.0,0.0,0.0,0.0,0.0,0.0,1.7301643,0.53692555,0.5796926,0.0,0.0,0.0,0.0,0.0,0.0,0.0,0.0,0.0,0.5365317,0.0,0.0,0.0,0.0,0.0,1.0127714,0.55265874,0.0,0.0,0.6374932,0.0,0.0,0.0,0.41493574,0.43049905,0.0,0.0,0.9404802,0.61169624
175,0.0,0.0,0.0,0.0,0.0,0.0,0.0,0.0,0.0,0.0,0.0,0.0,0.0,0.0,0.0,0.0,0.0,0.0,0.0,0.0,0.0,0.0,0.0,0.0,0.0,0.0,0.0,0.0,0.0,0.0,0.060964704,0.0,0.0,0.0,0.65246385,0.0,0.0,0.0,0.0,0.0,0.0,0.0,0.0,0.0,0.0,0.0,0.0,0.0,0.0,0.0,0.0,0.0,0.0,0.0,0.0,0.0,0.0,0.0,0.0,0.0,0.0,0.0,0.0,0.0,0.0,0.0,0.0,0.0,1.3946261,0.0,0.0,0.0,0.0,0.0,0.0,0.0,0.0,0.0,0.0,0.0,0.0,0.0,0.0,0.0,0.0,0.0,0.1313625,0.0,0.0,0.0,0.0,0.0,0.0,0.0,0.0,0.0,0.0,0.0,0.24983174,0.0
17,0.0,0.0,0.0,0.0,0.0,0.0,0.0,0.0,0.0,0.0,0.0,0.0,0.0,0.0,0.0,0.0,0.0,0.0,0.0,0.0,0.0,0.0,0.0,0.0,0.0,0.0,0.0,0.0,0.0,0.0,0.0,0.0,0.0,0.0,0.5087761,0.0,0.0,0.0,0.0,0.0,0.0,0.0,0.0,0.0,0.0,0.0,0.0,0.0,0.0,0.0,0.0,0.0,0.0,0.0,0.0,0.0,0.0,0.0,0.0,0.0,0.0,0.0,0.0,0.0,0.0,0.0,0.0,0.0,0.1531213,0.0,0.0,0.0,0.0,0.0,0.0,0.0,0.0,0.0,0.0,0.0,0.0,0.0,0.0,0.0,0.0,0.0,0.0,0.0,0.0,0.0,0.0,0.0,0.0,0.0,0.0,0.0,0.0,0.0,0.0,0.0
229,0.0,0.0,0.0,0.0,0.0,0.0,0.0,0.0,0.0,0.0,0.0,0.0,0.0,0.0,0.0,0.0,0.0,0.0,0.0,0.0,0.0,0.0,0.0,0.0,0.0,0.0,0.0,0.0,0.0,0.0,0.73525983,0.0,0.0,0.0,0.38612074,0.0,0.0,0.0,0.0,0.0,0.0,0.0,0.0,0.0,0.0,0.0,0.0,0.0,0.0,0.0,0.0,0.0,0.0,0.0,0.0,0.0,0.0,0.0,0.0,0.0,0.0,0.0,0.0,0.0,0.0,0.0,0.0,0.0,0.3760708,0.0,0.0,0.0,0.0,0.0,0.0,0.0,0.0,0.0,0.0,0.0,0.0,0.0,0.0,0.0,0.0,0.0,0.0,0.0,0.0,0.0,0.0,0.0,0.0,0.0,0.0,0.0,0.0,0.0,0.0,0.0
270,0.0,0.0,0.0,0.0,0.0,0.0,0.0,0.0,0.0,0.0,0.0,0.0,0.0,0.0,0.0,0.0,0.0,0.0,0.0,0.0,0.0,0.0,0.0,0.0,0.0,0.0,0.0,0.0,0.0,0.0,0.0,0.0,0.0,0.0,0.25625533,0.0,0.0,0.0,0.0,0.0,0.0,0.0,0.0,0.0,0.0,0.0,0.0,0.0,0.0,0.0,0.0,0.0,0.0,0.0,0.0,0.0,0.0,0.0,0.0,0.0,0.0,0.0,0.0,0.0,0.0,0.0,0.0,0.0,1.1045163,0.0,0.0,0.0,0.0,0.0,0.0,0.0,0.0,0.0,0.0,0.0,0.0,0.0,0.0,0.0,0.0,0.0,0.0,0.0,0.0,0.0,0.0,0.0,0.0,0.0,0.0,0.0,0.0,0.0,0.0,0.0
271,0.0,0.0,0.0,0.0,0.0,0.0,0.0,0.0,0.0,0.0,0.0,0.0,0.0,0.0,0.0,0.0,0.0,0.0,0.0,0.0,0.0,0.0,0.0,0.0,0.0,0.0,0.0,0.0,0.0,0.0,0.0,0.0,0.0,0.0,0.3752169,0.0,0.0,0.0,0.0,0.0,0.0,0.0,0.0,0.0,0.0,0.0,0.0,0.0,0.0,0.0,0.0,0.0,0.0,0.0,0.0,0.0,0.0,0.0,0.0,0.0,0.0,0.0,0.0,0.0,0.0,0.0,0.0,0.0,1.2263365,0.0,0.0,0.0,0.0,0.0,0.0,0.0,0.0,0.0,0.0,0.0,0.0,0.0,0.0,0.0,0.0,0.0,0.0,0.0,0.0,0.0,0.0,0.0,0.0,0.0,0.0,0.0,0.0,0.0,0.0,0.0
51,0.0,0.0,0.0,0.0,0.0,0.0,0.0,0.0,0.0,0.0,0.0,0.0,0.0,0.0,0.0,0.0,0.0,0.0,0.0,0.06633246,0.0,0.0068154335,0.0,0.0,0.0,0.0,0.0,0.0,0.0,0.0,0.77673525,0.0,0.0,0.0,1.0086999,0.0,0.0,0.0,0.0,0.0,0.0,0.0,0.0,0.0,0.0,0.0,0.0,0.0,0.0,0.007751763,0.0,0.0,0.0,0.0,0.0,0.0,0.009367824,0.0,0.0,0.0,0.0,0.0,0.0,0.0,0.0,0.0,0.0,0.0,1.1490452,0.03645599,0.0,0.0,0.0,0.0,0.0,0.0,0.0,0.0,0.0,0.0,0.049850702,0.0,0.0,0.0,0.0,0.0,0.39316088,0.108608305,0.0,0.0,0.0,0.0,0.0,0.0,0.0,0.0,0.0,0.0,0.4171993,0.0
85,0.0,0.0,0.0,0.0,0.0,0.0,0.0,0.0,0.0,0.0,0.0,0.0,0.0,0.0,0.0,0.0,0.0,0.0,0.0,0.0,0.0,0.0,0.0,0.0,0.0,0.0,0.0,0.0,0.0,0.0,0.023632348,0.0,0.0,0.0,0.0,0.0,0.0,0.0,0.0,0.0,0.0,0.0,0.0,0.0,0.0,0.0,0.0,0.0,0.0,0.0,0.0,0.0,0.0,0.0,0.0,0.0,0.0,0.0,0.0,0.0,0.0,0.0,0.0,0.0,0.0,0.0,0.0,0.0,0.5176669,0.0,0.0,0.0,0.0,0.0,0.0,0.0,0.0,0.0,0.0,0.0,0.0,0.0,0.0,0.0,0.0,0.0,0.0,0.0,0.0,0.0,0.0,0.0,0.0,0.0,0.0,0.0,0.0,0.0,0.0,0.0
124,0.0,0.37205037,0.0,0.0,0.0,0.0,0.0,0.0,0.0,0.40462992,0.0,0.0,0.35623574,0.0,0.0,0.0,0.47658074,0.0,0.38466084,0.63912547,0.0,0.45362186,0.0,0.0,0.0,0.30801606,0.0,0.0,0.0,0.0,1.27476,0.0,0.30451798,0.0,1.1892765,0.39563507,0.0,0.45018142,0.46033233,0.0,0.0,0.459023,0.0,0.0,0.0,0.0,0.0,0.0,0.0,0.61713725,0.0,0.0,0.0,0.0,0.4056669,0.0,0.56448007,0.0,0.0,0.0,0.0,0.0,0.0,0.0,0.0,0.0,0.0,0.0,1.6723783,0.4162929,0.48749784,0.0,0.0,0.0,0.0,0.0,0.0,0.0,0.0,0.0,0.44253945,0.0,0.0,0.0,0.0,0.0,0.96478444,0.45345157,0.0,0.0,0.5317139,0.0,0.0,0.0,0.33931068,0.32965264,0.0,0.0,0.7509889,0.4966991
88,0.0,0.0,0.0,0.0,0.0,0.0,0.0,0.0,0.0,0.0,0.0,0.0,0.0,0.0,0.0,0.0,0.0,0.0,0.0,0.0,0.0,0.0,0.0,0.0,0.0,0.0,0.0,0.0,0.0,0.0,0.3996033,0.0,0.0,0.0,0.06804603,0.0,0.0,0.0,0.0,0.0,0.0,0.0,0.0,0.0,0.0,0.0,0.0,0.0,0.0,0.0,0.0,0.0,0.0,0.0,0.0,0.0,0.0,0.0,0.0,0.0,0.0,0.0,0.0,0.0,0.0,0.0,0.0,0.0,0.88312775,0.0,0.0,0.0,0.0,0.0,0.0,0.0,0.0,0.0,0.0,0.0,0.0,0.0,0.0,0.0,0.0,0.0,0.02522856,0.0,0.0,0.0,0.0,0.0,0.0,0.0,0.0,0.0,0.0,0.0,0.0,0.0
163,0.0,0.0,0.0,0.0,0.0,0.0,0.0,0.0,0.0,0.0,0.0,0.0,0.0,0.0,0.0,0.0,0.0,0.0,0.0,0.0,0.0,0.08719885,0.0,0.0,0.0,0.0,0.0,0.0,0.0,0.0,1.1776066,0.0,0.0,0.0,1.1088564,0.0,0.0,0.0,0.100694,0.0,0.0,0.06945324,0.0,0.0,0.0,0.0,0.0,0.0,0.0,0.09724182,0.0,0.0,0.0,0.0,0.0,0.0,0.0,0.0,0.0,0.0,0.0,0.0,0.0,0.0,0.0,0.0,0.0,0.0,0.736147,0.07558286,0.0,0.0,0.0,0.0,0.0,0.0,0.0,0.0,0.0,0.0,0.0,0.0,0.0,0.0,0.0,0.0,0.40658635,0.21442336,0.0,0.0,0.0,0.0,0.0,0.0,0.0,0.0,0.0,0.0,0.31193775,0.0
247,0.0,0.0,0.0,0.0,0.0,0.0,0.0,0.0,0.0,0.0,0.0,0.0,0.0,0.0,0.0,0.0,0.0,0.0,0.0,0.2142489,0.0,0.0,0.0,0.0,0.0,0.0328511,0.0,0.0,0.0,0.0,0.37055975,0.0,0.0,0.0,0.6434974,0.0097801685,0.0,0.0,0.0,0.0,0.0,0.0,0.0,0.0,0.0,0.0,0.0,0.0,0.0,0.035018623,0.0,0.0,0.0,0.0,0.0,0.0,0.15787435,0.0,0.0,0.0,0.0,0.0,0.0,0.0,0.0,0.0,0.0,0.0,1.7654717,0.0,0.2120488,0.0,0.0,0.0,0.0,0.0,0.0,0.0,0.0,0.0,0.2356782,0.0,0.0,0.0,0.0,0.0,0.48492855,0.0,0.0,0.0,0.06378192,0.0,0.0,0.0,0.0,0.0,0.0,0.0,0.37952906,0.0
273,0.0,0.0,0.0,0.0,0.0,0.0,0.0,0.0,0.0,0.0,0.0,0.0,0.0,0.0,0.0,0.0,0.0,0.0,0.0,0.0,0.0,0.0,0.0,0.0,0.0,0.0,0.0,0.0,0.0,0.0,0.09709227,0.0,0.0,0.0,0.6131399,0.0,0.0,0.0,0.0,0.0,0.0,0.0,0.0,0.0,0.0,0.0,0.0,0.0,0.0,0.0,0.0,0.0,0.0,0.0,0.0,0.0,0.0,0.0,0.0,0.0,0.0,0.0,0.0,0.0,0.0,0.0,0.0,0.0,1.4699771,0.0,0.0,0.0,0.0,0.0,0.0,0.0,0.0,0.0,0.0,0.0,0.03273678,0.0,0.0,0.0,0.0,0.0,0.23612994,0.0,0.0,0.0,0.0,0.0,0.0,0.0,0.0,0.0,0.0,0.0,0.28457993,0.0
238,0.0,0.0,0.0,0.0,0.0,0.0,0.0,0.0,0.0,0.0,0.0,0.0,0.0,0.0,0.0,0.0,0.0,0.0,0.0,0.0,0.0,0.0,0.0,0.0,0.0,0.0,0.0,0.0,0.0,0.0,0.0,0.0,0.0,0.0,0.0,0.0,0.0,0.0,0.0,0.0,0.0,0.0,0.0,0.0,0.0,0.0,0.0,0.0,0.0,0.0,0.0,0.0,0.0,0.0,0.0,0.0,0.0,0.0,0.0,0.0,0.0,0.0,0.0,0.0,0.0,0.0,0.0,0.0,0.6690889,0.0,0.0,0.0,0.0,0.0,0.0,0.0,0.0,0.0,0.0,0.0,0.0,0.0,0.0,0.0,0.0,0.0,0.0,0.0,0.0,0.0,0.0,0.0,0.0,0.0,0.0,0.0,0.0,0.0,0.0,0.0
86,0.0,0.0,0.0,0.0,0.0,0.0,0.0,0.0,0.0,0.0,0.0,0.0,0.0,0.0,0.0,0.0,0.0,0.0,0.0,0.0,0.0,0.0,0.0,0.0,0.0,0.0,0.0,0.0,0.0,0.0,0.148956,0.0,0.0,0.0,0.0,0.0,0.0,0.0,0.0,0.0,0.0,0.0,0.0,0.0,0.0,0.0,0.0,0.0,0.0,0.0,0.0,0.0,0.0,0.0,0.0,0.0,0.0,0.0,0.0,0.0,0.0,0.0,0.0,0.0,0.0,0.0,0.0,0.0,0.6394871,0.0,0.0,0.0,0.0,0.0,0.0,0.0,0.0,0.0,0.0,0.0,0.0,0.0,0.0,0.0,0.0,0.0,0.0,0.0,0.0,0.0,0.0,0.0,0.0,0.0,0.0,0.0,0.0,0.0,0.0,0.0
203,0.0,0.0,0.0,0.0,0.0,0.0,0.0,0.0,0.0,0.0,0.0,0.0,0.0,0.0,0.0,0.0,0.0,0.0,0.0,0.0,0.0,0.0,0.0,0.0,0.0,0.0,0.0,0.0,0.0,0.0,0.5484671,0.0,0.0,0.0,0.74920565,0.0,0.0,0.0,0.0,0.0,0.0,0.0,0.0,0.0,0.0,0.0,0.0,0.0,0.0,0.0,0.0,0.0,0.0,0.0,0.0,0.0,0.0,0.0,0.0,0.0,0.0,0.0,0.0,0.0,0.0,0.0,0.0,0.0,0.9625409,0.0,0.0,0.0,0.0,0.0,0.0,0.0,0.0,0.0,0.0,0.0,0.0,0.0,0.0,0.0,0.0,0.0,0.22496301,0.0,0.0,0.0,0.0,0.0,0.0,0.0,0.0,0.0,0.0,0.0,0.18191773,0.0
116,0.0,0.0,0.0,0.0,0.0,0.0,0.0,0.0,0.0,0.0,0.0,0.0,0.0,0.0,0.0,0.0,0.0,0.0,0.0,0.0,0.0,0.0,0.0,0.0,0.0,0.0,0.0,0.0,0.0,0.0,0.27217042,0.0,0.0,0.0,0.23758411,0.0,0.0,0.0,0.0,0.0,0.0,0.0,0.0,0.0,0.0,0.0,0.0,0.0,0.0,0.0,0.0,0.0,0.0,0.0,0.0,0.0,0.0,0.0,0.0,0.0,0.0,0.0,0.0,0.0,0.0,0.0,0.0,0.0,0.6978156,0.0,0.0,0.0,0.0,0.0,0.0,0.0,0.0,0.0,0.0,0.0,0.0,0.0,0.0,0.0,0.0,0.0,0.0,0.0,0.0,0.0,0.0,0.0,0.0,0.0,0.0,0.0,0.0,0.0,0.0,0.0
145,0.0,0.0,0.0,0.0,0.0,0.0,0.0,0.0,0.0,0.0,0.0,0.0,0.0,0.0,0.0,0.0,0.0,0.0,0.0,0.0,0.0,0.0,0.0,0.0,0.0,0.0,0.0,0.0,0.0,0.0,0.0,0.0,0.0,0.0,0.2705279,0.0,0.0,0.0,0.0,0.0,0.0,0.0,0.0,0.0,0.0,0.0,0.0,0.0,0.0,0.0,0.0,0.0,0.0,0.0,0.0,0.0,0.0,0.0,0.0,0.0,0.0,0.0,0.0,0.0,0.0,0.0,0.0,0.0,1.2507379,0.0,0.0,0.0,0.0,0.0,0.0,0.0,0.0,0.0,0.0,0.0,0.0,0.0,0.0,0.0,0.0,0.0,0.0,0.0,0.0,0.0,0.0,0.0,0.0,0.0,0.0,0.0,0.0,0.0,0.0,0.0
158,0.0,0.0,0.0,0.0,0.0,0.0,0.0,0.0,0.0,0.0,0.0,0.0,0.0,0.0,0.0,0.0,0.0,0.0,0.0,0.0,0.0,0.0,0.0,0.0,0.0,0.0,0.0,0.0,0.0,0.0,0.55098826,0.0,0.0,0.0,0.51404876,0.0,0.0,0.0,0.0,0.0,0.0,0.0,0.0,0.0,0.0,0.0,0.0,0.0,0.0,0.0,0.0,0.0,0.0,0.0,0.0,0.0,0.0,0.0,0.0,0.0,0.0,0.0,0.0,0.0,0.0,0.0,0.0,0.0,0.1270454,0.0,0.0,0.0,0.0,0.0,0.0,0.0,0.0,0.0,0.0,0.0,0.0,0.0,0.0,0.0,0.0,0.0,0.0,0.0,0.0,0.0,0.0,0.0,0.0,0.0,0.0,0.0,0.0,0.0,0.0,0.0
280,0.0,0.0,0.0,0.0,0.0,0.0,0.0,0.0,0.0,0.0,0.0,0.0,0.0,0.0,0.0,0.0,0.0,0.0,0.0,0.0,0.0,0.0,0.0,0.0,0.0,0.0,0.0,0.0,0.0,0.0,0.0,0.0,0.0,0.0,0.0,0.0,0.0,0.0,0.0,0.0,0.0,0.0,0.0,0.0,0.0,0.0,0.0,0.0,0.0,0.0,0.0,0.0,0.0,0.0,0.0,0.0,0.0,0.0,0.0,0.0,0.0,0.0,0.0,0.0,0.0,0.0,0.0,0.0,0.077037275,0.0,0.0,0.0,0.0,0.0,0.0,0.0,0.0,0.0,0.0,0.0,0.0,0.0,0.0,0.0,0.0,0.0,0.0,0.0,0.0,0.0,0.0,0.0,0.0,0.0,0.0,0.0,0.0,0.0,0.0,0.0
207,0.0,0.24138364,0.0,0.0,0.0,0.0,0.0,0.0,0.0,0.25137302,0.0,0.0,0.2707852,0.0,0.0,0.0,0.38782918,0.0,0.25976622,0.47220135,0.0,0.353557,0.0,0.0,0.0,0.1996327,0.0,0.0,0.0,0.0,1.049762,0.0,0.20607889,0.0,1.2250516,0.29874796,0.0,0.34705693,0.3285473,0.0,0.0,0.36481905,0.0,0.0,0.0,0.0,0.0,0.0,0.0,0.4052388,0.0,0.0,0.0,0.0,0.28369147,0.0,0.41511333,0.0,0.0,0.0,0.0,0.0,0.0,0.0,0.0,0.0,0.0,0.0,1.4498222,0.38973558,0.32777014,0.0,0.0,0.0,0.0,0.0,0.0,0.0,0.0,0.0,0.32059824,0.0,0.0,0.0,0.0,0.0,0.7523307,0.40868783,0.0,0.0,0.35428149,0.0,0.0,0.0,0.2773458,0.2586207,0.0,0.0,0.7671072,0.3548199
209,0.0,0.5226835,0.0,0.0,0.0,0.0,0.0,0.0,0.0,0.52406,0.0,0.0,0.51637363,0.0,0.0,0.0,0.703545,0.0,0.51561224,0.7716038,0.0,0.649619,0.0,0.0,0.0,0.40810513,0.0,0.0,0.0,0.0,1.3004091,0.0,0.4309268,0.0,1.4629745,0.5506496,0.0,0.6416674,0.6186407,0.0,0.0,0.67104745,0.0,0.0,0.0,0.0,0.0,0.0,0.0,0.7063326,0.0,0.0,0.0,0.0,0.5667737,0.0,0.6962968,0.0,0.0,0.0,0.0,0.0,0.0,0.0,0.0,0.0,0.0,0.0,1.6934626,0.637285,0.5658649,0.0,0.0,0.0,0.0,0.0,0.0,0.0,0.0,0.0,0.5498252,0.0,0.0,0.0,0.0,0.0,1.0160146,0.6432187,0.0,0.0,0.645567,0.0,0.0,0.0,0.49506655,0.48939213,0.0,0.0,1.0597019,0.6691145
186,0.0,0.0,0.0,0.0,0.0,0.0,0.0,0.0,0.0,0.0,0.0,0.0,0.0,0.0,0.0,0.0,0.0,0.0,0.0,0.0,0.0,0.0,0.0,0.0,0.0,0.0,0.0,0.0,0.0,0.0,0.14194018,0.0,0.0,0.0,0.5213391,0.0,0.0,0.0,0.0,0.0,0.0,0.0,0.0,0.0,0.0,0.0,0.0,0.0,0.0,0.0,0.0,0.0,0.0,0.0,0.0,0.0,0.0,0.0,0.0,0.0,0.0,0.0,0.0,0.0,0.0,0.0,0.0,0.0,0.5151997,0.0,0.0,0.0,0.0,0.0,0.0,0.0,0.0,0.0,0.0,0.0,0.0,0.0,0.0,0.0,0.0,0.0,0.0,0.0,0.0,0.0,0.0,0.0,0.0,0.0,0.0,0.0,0.0,0.0,0.0,0.0
170,0.0,0.0,0.0,0.0,0.0,0.0,0.0,0.0,0.0,0.0,0.0,0.0,0.0,0.0,0.0,0.0,0.0,0.0,0.0,0.0,0.0,0.0,0.0,0.0,0.0,0.0,0.0,0.0,0.0,0.0,0.0,0.0,0.0,0.0,0.057656348,0.0,0.0,0.0,0.0,0.0,0.0,0.0,0.0,0.0,0.0,0.0,0.0,0.0,0.0,0.0,0.0,0.0,0.0,0.0,0.0,0.0,0.0,0.0,0.0,0.0,0.0,0.0,0.0,0.0,0.0,0.0,0.0,0.0,0.7855244,0.0,0.0,0.0,0.0,0.0,0.0,0.0,0.0,0.0,0.0,0.0,0.0,0.0,0.0,0.0,0.0,0.0,0.0,0.0,0.0,0.0,0.0,0.0,0.0,0.0,0.0,0.0,0.0,0.0,0.0,0.0
125,0.0,0.5127002,0.0,0.0,0.0,0.0,0.0,0.0,0.0,0.5409734,0.0,0.0,0.4790299,0.0,0.0,0.0,0.63443863,0.0,0.51258385,0.7888266,0.0,0.6016526,0.0,0.0,0.0,0.4122523,0.0,0.0,0.0,0.0,1.4000835,0.0,0.41694188,0.0,1.3082378,0.5215859,0.0,0.59748644,0.60537905,0.0,0.0,0.6121371,0.0,0.0,0.0,0.0,0.0,0.0,0.0,0.76768404,0.0,0.0,0.0,0.0,0.5472079,0.0,0.7050717,0.0,0.0,0.0,0.0,0.0,0.0,0.0,0.0,0.0,0.0,0.0,1.7941983,0.54006743,0.6065452,0.0,0.0,0.0,0.0,0.0,0.0,0.0,0.0,0.0,0.55715287,0.0,0.0,0.0,0.0,0.0,1.096626,0.57071704,0.0,0.0,0.6773564,0.0,0.0,0.0,0.44817105,0.44503817,0.0,0.0,0.89728636,0.65384626
254,0.0,0.0,0.0,0.0,0.0,0.0,0.0,0.0,0.0,0.0,0.0,0.0,0.0,0.0,0.0,0.0,0.0,0.0,0.0,0.0,0.0,0.0,0.0,0.0,0.0,0.0,0.0,0.0,0.0,0.0,0.33646852,0.0,0.0,0.0,0.23680168,0.0,0.0,0.0,0.0,0.0,0.0,0.0,0.0,0.0,0.0,0.0,0.0,0.0,0.0,0.0,0.0,0.0,0.0,0.0,0.0,0.0,0.0,0.0,0.0,0.0,0.0,0.0,0.0,0.0,0.0,0.0,0.0,0.0,0.0,0.0,0.0,0.0,0.0,0.0,0.0,0.0,0.0,0.0,0.0,0.0,0.0,0.0,0.0,0.0,0.0,0.0,0.0,0.0,0.0,0.0,0.0,0.0,0.0,0.0,0.0,0.0,0.0,0.0,0.0,0.0
200,0.0,0.0,0.0,0.0,0.0,0.0,0.0,0.0,0.0,0.0,0.0,0.0,0.0,0.0,0.0,0.0,0.0,0.0,0.0,0.0,0.0,0.0,0.0,0.0,0.0,0.0,0.0,0.0,0.0,0.0,0.1724959,0.0,0.0,0.0,0.39232105,0.0,0.0,0.0,0.0,0.0,0.0,0.0,0.0,0.0,0.0,0.0,0.0,0.0,0.0,0.0,0.0,0.0,0.0,0.0,0.0,0.0,0.0,0.0,0.0,0.0,0.0,0.0,0.0,0.0,0.0,0.0,0.0,0.0,0.5970798,0.0,0.0,0.0,0.0,0.0,0.0,0.0,0.0,0.0,0.0,0.0,0.0,0.0,0.0,0.0,0.0,0.0,0.0,0.0,0.0,0.0,0.0,0.0,0.0,0.0,0.0,0.0,0.0,0.0,0.0,0.0
71,0.0,0.0,0.0,0.0,0.0,0.0,0.0,0.0,0.0,0.0,0.0,0.0,0.0,0.0,0.0,0.0,0.0,0.0,0.0,0.0,0.0,0.0,0.0,0.0,0.0,0.0,0.0,0.0,0.0,0.0,0.0,0.0,0.0,0.0,0.11317772,0.0,0.0,0.0,0.0,0.0,0.0,0.0,0.0,0.0,0.0,0.0,0.0,0.0,0.0,0.0,0.0,0.0,0.0,0.0,0.0,0.0,0.0,0.0,0.0,0.0,0.0,0.0,0.0,0.0,0.0,0.0,0.0,0.0,0.033558667,0.0,0.0,0.0,0.0,0.0,0.0,0.0,0.0,0.0,0.0,0.0,0.0,0.0,0.0,0.0,0.0,0.0,0.0,0.0,0.0,0.0,0.0,0.0,0.0,0.0,0.0,0.0,0.0,0.0,0.0,0.0
221,0.0,0.30849108,0.0,0.0,0.0,0.0,0.0,0.0,0.0,0.3060393,0.0,0.0,0.33711994,0.0,0.0,0.0,0.5768515,0.0,0.27124405,0.4017892,0.0,0.47378814,0.0,0.0,0.0,0.23097116,0.0,0.0,0.0,0.0,0.85440856,0.0,0.24807084,0.0,1.3901055,0.27925032,0.0,0.42107433,0.4105329,0.0,0.0,0.5412264,0.0,0.0,0.0,0.0,0.0,0.0,0.0,0.42008704,0.0,0.0,0.0,0.0,0.33416098,0.0,0.3801825,0.0,0.0,0.0,0.0,0.0,0.0,0.0,0.0,0.0,0.0,0.0,1.2287958,0.52174425,0.33938637,0.0,0.0,0.0,0.0,0.0,0.0,0.0,0.0,0.0,0.30395544,0.0,0.0,0.0,0.0,0.0,0.5560382,0.48456758,0.0,0.0,0.37823123,0.0,0.0,0.0,0.31525114,0.3533207,0.0,0.0,1.0180473,0.37864435
259,0.0,0.0,0.0,0.0,0.0,0.0,0.0,0.0,0.0,0.0,0.0,0.0,0.0,0.0,0.0,0.0,0.0,0.0,0.0,0.0,0.0,0.0,0.0,0.0,0.0,0.0,0.0,0.0,0.0,0.0,0.963087,0.0,0.0,0.0,0.8316093,0.0,0.0,0.0,0.0,0.0,0.0,0.0,0.0,0.0,0.0,0.0,0.0,0.0,0.0,0.0,0.0,0.0,0.0,0.0,0.0,0.0,0.0,0.0,0.0,0.0,0.0,0.0,0.0,0.0,0.0,0.0,0.0,0.0,0.56785744,0.0,0.0,0.0,0.0,0.0,0.0,0.0,0.0,0.0,0.0,0.0,0.0,0.0,0.0,0.0,0.0,0.0,0.24767,0.036599874,0.0,0.0,0.0,0.0,0.0,0.0,0.0,0.0,0.0,0.0,0.054091513,0.0
201,0.0,0.0,0.0,0.0,0.0,0.0,0.0,0.0,0.0,0.0,0.0,0.0,0.0,0.0,0.0,0.0,0.0,0.0,0.0,0.0,0.0,0.0,0.0,0.0,0.0,0.0,0.0,0.0,0.0,0.0,0.29781967,0.0,0.0,0.0,0.5112826,0.0,0.0,0.0,0.0,0.0,0.0,0.0,0.0,0.0,0.0,0.0,0.0,0.0,0.0,0.0,0.0,0.0,0.0,0.0,0.0,0.0,0.0,0.0,0.0,0.0,0.0,0.0,0.0,0.0,0.0,0.0,0.0,0.0,0.71890026,0.0,0.0,0.0,0.0,0.0,0.0,0.0,0.0,0.0,0.0,0.0,0.0,0.0,0.0,0.0,0.0,0.0,0.0,0.0,0.0,0.0,0.0,0.0,0.0,0.0,0.0,0.0,0.0,0.0,0.0,0.0
234,0.0,0.05338368,0.0,0.0,0.0,0.0,0.0,0.0,0.0,0.13512859,0.0,0.0,0.048387647,0.0,0.0,0.0,0.15952837,0.0,0.044452786,0.16513598,0.0,0.20131767,0.0,0.0,0.0,0.040522933,0.0,0.0,0.0,0.0,1.3618782,0.0,0.018927813,0.0,0.98092824,0.0,0.0,0.12836331,0.2656955,0.0,0.0,0.21253753,0.0,0.0,0.0,0.0,0.0,0.0,0.0,0.38875598,0.0,0.0,0.0,0.0,0.09906596,0.0,0.1526612,0.0,0.0,0.0,0.0,0.0,0.0,0.0,0.0,0.0,0.0,0.0,0.98517245,0.11933637,0.16089454,0.0,0.0,0.0,0.0,0.0,0.0,0.0,0.0,0.0,0.03918898,0.0,0.0,0.0,0.0,0.0,0.62831074,0.230254,0.0,0.0,0.1950826,0.0,0.0,0.0,0.0286372,0.049993128,0.0,0.0,0.2953381,0.13167405
81,0.0,0.27474412,0.0,0.0,0.0,0.0,0.0,0.0,0.0,0.289386,0.0,0.0,0.28991926,0.0,0.0,0.0,0.53068256,0.0,0.22216797,0.3641274,0.0,0.43216813,0.0,0.0,0.0,0.22277248,0.0,0.0,0.0,0.0,0.8345842,0.0,0.21454346,0.0,1.3027928,0.22307628,0.0,0.37527293,0.36140734,0.0,0.0,0.50370014,0.0,0.0,0.0,0.0,0.0,0.0,0.0,0.41792506,0.0,0.0,0.0,0.0,0.29253036,0.0,0.35627913,0.0,0.0,0.0,0.0,0.0,0.0,0.0,0.0,0.0,0.0,0.0,1.2517619,0.454309,0.3471469,0.0,0.0,0.0,0.0,0.0,0.0,0.0,0.0,0.0,0.28977573,0.0,0.0,0.0,0.0,0.0,0.5382795,0.40845883,0.0,0.0,0.3676563,0.0,0.0,0.0,0.25585952,0.3023214,0.0,0.0,0.94541365,0.32818317
288,0.0,0.0,0.0,0.0,0.0,0.0,0.0,0.0,0.0,0.0,0.0,0.0,0.0,0.0,0.0,0.0,0.0,0.0,0.0,0.0,0.0,0.0,0.0,0.0,0.0,0.0,0.0,0.0,0.0,0.0,0.6630085,0.0,0.0,0.0,0.79026216,0.0,0.0,0.0,0.0,0.0,0.0,0.0,0.0,0.0,0.0,0.0,0.0,0.0,0.0,0.0,0.0,0.0,0.0,0.0,0.0,0.0,0.0,0.0,0.0,0.0,0.0,0.0,0.0,0.0,0.0,0.0,0.0,0.0,1.0515997,0.0,0.0,0.0,0.0,0.0,0.0,0.0,0.0,0.0,0.0,0.0,0.0,0.0,0.0,0.0,0.0,0.0,0.2605173,0.0,0.0,0.0,0.0,0.0,0.0,0.0,0.0,0.0,0.0,0.0,0.17753774,0.0
95,0.0,0.13902375,0.0,0.0,0.0,0.0,0.0,0.0,0.0,0.2127758,0.0,0.0,0.13621438,0.0,0.0,0.0,0.12641859,0.0,0.19007826,0.50736725,0.0,0.19558907,0.0,0.0,0.0,0.17980468,0.0,0.0,0.0,0.0,1.2768693,0.0,0.12505329,0.0,0.9007767,0.22534245,0.0,0.19099635,0.22508413,0.0,0.0,0.14792013,0.0,0.0,0.0,0.0,0.0,0.0,0.0,0.45712072,0.0,0.0,0.0,0.0,0.19098788,0.0,0.4042741,0.0,0.0,0.0,0.0,0.0,0.0,0.0,0.0,0.0,0.0,0.0,1.7358701,0.12619698,0.35768512,0.0,0.0,0.0,0.0,0.0,0.0,0.0,0.0,0.0,0.34017777,0.0,0.0,0.0,0.0,0.0,0.9481222,0.22920829,0.0,0.0,0.343314,0.0,0.0,0.0,0.13936654,0.11531696,0.0,0.0,0.36876935,0.274691
133,0.0,0.0,0.0,0.0,0.0,0.0,0.0,0.0,0.0,0.0,0.0,0.0,0.0,0.0,0.0,0.0,0.0,0.0,0.0,0.0,0.0,0.0,0.0,0.0,0.0,0.0,0.0,0.0,0.0,0.0,0.9722262,0.0,0.0,0.0,0.7269203,0.0,0.0,0.0,0.0,0.0,0.0,0.0,0.0,0.0,0.0,0.0,0.0,0.0,0.0,0.0,0.0,0.0,0.0,0.0,0.0,0.0,0.0,0.0,0.0,0.0,0.0,0.0,0.0,0.0,0.0,0.0,0.0,0.0,0.592259,0.0,0.0,0.0,0.0,0.0,0.0,0.0,0.0,0.0,0.0,0.0,0.0,0.0,0.0,0.0,0.0,0.0,0.2369811,0.0,0.0,0.0,0.0,0.0,0.0,0.0,0.0,0.0,0.0,0.0,0.0,0.0
199,0.0,0.0,0.0,0.0,0.0,0.0,0.0,0.0,0.0,0.0,0.0,0.0,0.0,0.0,0.0,0.0,0.0,0.0,0.0,0.0,0.0,0.0,0.0,0.0,0.0,0.0,0.0,0.0,0.0,0.0,0.047172368,0.0,0.0,0.0,0.2733596,0.0,0.0,0.0,0.0,0.0,0.0,0.0,0.0,0.0,0.0,0.0,0.0,0.0,0.0,0.0,0.0,0.0,0.0,0.0,0.0,0.0,0.0,0.0,0.0,0.0,0.0,0.0,0.0,0.0,0.0,0.0,0.0,0.0,0.4752596,0.0,0.0,0.0,0.0,0.0,0.0,0.0,0.0,0.0,0.0,0.0,0.0,0.0,0.0,0.0,0.0,0.0,0.0,0.0,0.0,0.0,0.0,0.0,0.0,0.0,0.0,0.0,0.0,0.0,0.0,0.0
